order_id,order_purchase_timestamp,customer_state,payment_type,payment_value,product_category_name,price
1594012ccc1b0770373ce691d697e5ae,"2018-04-23 19:05:57",SP,credit_card,362.17,cama_mesa_banho,330
1966886b80f14d0588adf6406afb0026,"2017-08-22 16:01:44",MG,debit_card,68.89,perfumaria,56.99
07a26b88cc90e93f5c9401de11a60793,"2018-08-22 12:19:45",SP,credit_card,20.29,bebes,12.9
175ba47aad2d017d2495c66b763a7df6,"2017-08-05 22:15:00",MG,credit_card,130,moveis_decoracao,49.9
175ba47aad2d017d2495c66b763a7df6,"2017-08-05 22:15:00",MG,credit_card,130,moveis_decoracao,49.9
081e5884f403fbe66f3bce77c72c9230,"2017-10-31 15:09:11",SP,credit_card,43.58,informatica_acessorios,30.21
10266b83757aba75b5fb490bfc84fd64,"2017-08-18 10:44:04",SP,credit_card,131.03,cool_stuff,118.99
09249f4625a56408772a45322aadd544,"2018-08-07 10:19:43",MG,credit_card,138.84,beleza_saude,119.9
059d893dde97f787f2f608d5a5d13e0b,"2018-03-29 11:34:59",DF,boleto,61.94,bebes,42.9
12950f3d9bc12065fc5da141faab5780,"2018-06-29 22:06:25",SP,credit_card,103.82,papelaria,88.9
1233838f2d670d7e4d115557ddcc52bb,"2017-07-25 09:56:48",PR,credit_card,178.89,relogios_presentes,163
0e02536713cb943858f5cd5b34f43e4c,"2017-06-30 10:12:50",RJ,boleto,101.25,moveis_decoracao,84.9
1f70d88d8d6e9880a9e50ee78420c24c,"2018-04-18 00:07:32",SP,credit_card,134.46,moveis_decoracao,49
1afa51208ad0fe3d17577387674e6924,"2017-11-25 23:59:25",GO,voucher,40.1,utilidades_domesticas,25
1161944e39519870ff70405caa44acce,"2017-02-20 13:50:49",MG,credit_card,209.3,climatizacao,187.9
103407760762721e1dbb7247b5f7c331,"2018-08-08 14:22:09",RJ,credit_card,48.3,cama_mesa_banho,29.99
016befe103ce7c9e5b1b7ef359777eea,"2017-09-03 10:11:52",SP,credit_card,60.85,relogios_presentes,49
250eede6202cff2981de57cba5c1b08c,"2017-04-05 12:07:47",MG,voucher,25,perfumaria,48.9
031a7dab65c3430d325ad35ab8a95277,"2018-06-21 22:17:19",PR,credit_card,128.72,construcao_ferramentas_construcao,109.9
1ca9b19a39f0b18a4a1470eba6eb5cda,"2017-05-20 11:04:54",RJ,credit_card,81,informatica_acessorios,93.9
03f9705f9135ccb809e74e902f19b2e8,"2017-04-25 21:15:01",SP,credit_card,30.29,esporte_lazer,19.33
1de3194cbc4750380afd0b30efc6b18b,"2018-01-30 20:00:25",SP,credit_card,73.06,malas_acessorios,58.9
0bd044f3b358bb88951e3ea66eadcc70,"2017-09-13 11:34:35",RJ,voucher,50,perfumaria,56.99
0a62a2ee479a419db8aebf78129b2f5e,"2017-10-01 21:45:41",PR,credit_card,131.61,cama_mesa_banho,113.57
0849ccbfff0e8fd7168be6a62ca74a0d,"2018-05-08 14:38:21",RJ,credit_card,99.9,relogios_presentes,99.9
230429e6f253f9cd6561aad72ce7ee2f,"2018-07-18 13:30:45",SP,credit_card,131.71,casa_construcao,119.85
24643770500b1396c93afd30d760f444,"2018-05-17 13:57:33",RJ,credit_card,29.73,consoles_games,11.5
1f11f0ab2b0ec59d0ec45f7f810a04f8,"2017-06-15 06:59:08",BA,voucher,27.19,eletrodomesticos,10.4
0203892ed7a2b76401830f4b82a5a34c,"2017-07-08 20:26:08",SP,credit_card,48.62,esporte_lazer,39.9
01f66e58769f84129811d43eefd187fb,"2018-07-09 21:18:01",SP,credit_card,87.62,esporte_lazer,79.8
083fa2fb9d3de18eabbb3427045a1a1f,"2018-07-03 10:24:56",RJ,credit_card,137.93,relogios_presentes,119
062bddc5be851fec2b59598cc33498cd,"2018-05-07 20:22:07",RJ,credit_card,1549.41,telefonia,1520.88
1806fe61d0bb55b8c6b9ea3fd2da7c0c,"2018-02-17 12:10:17",PR,credit_card,371.28,cool_stuff,348
0d21189c5494d8288ee358b3b24f85b4,"2017-07-12 10:36:01",SP,boleto,253.79,informatica_acessorios,234.9
117c312b89fc4ef46fca3f4b0c53829b,"2018-01-20 16:40:34",SP,credit_card,31.71,informatica_acessorios,22.99
0ed1ecbc5549385cca91dd012b659584,"2018-01-08 02:37:14",SP,credit_card,49.47,moveis_decoracao,36.99
130d27e7e69cabe35e3fa920f6b4664d,"2017-04-16 19:32:11",MT,credit_card,506.39,ferramentas_jardim,469.9
21577126c19bf11a0b91592e5844ba78,"2018-03-16 00:14:19",RJ,voucher,9.34,agro_industria_e_comercio,57
1c19fe562ab8176385b8e5fb6566aea2,"2018-05-02 22:40:22",SP,credit_card,135.66,cama_mesa_banho,55
20c452fc8f22663c6a11508ec8ca0726,"2018-06-04 20:31:08",RJ,credit_card,204.24,bebes,180.4
049999b745ab7d4bc3ddf00181c39d56,"2017-11-06 01:15:08",SP,credit_card,32.77,telefonia,24.99
24b1c4d88fdb7a2dc87f8ecc7d8f47f1,"2017-07-28 09:34:29",RJ,credit_card,356.13,perfumaria,339
1467273f73290140b548eeefa70dca8b,"2018-07-19 19:17:20",RJ,boleto,159.08,audio,140
14f81abb54984ba116bc1994d6a34b9d,"2018-06-26 11:41:33",ES,credit_card,31.13,telefonia,15.9
16fda78951899265f9a26ab3c5f17c4c,"2017-11-07 00:27:49",PA,credit_card,269.4,moveis_escritorio,169.99
1cfb97c2bd23fb8142435ff6c9ac2f84,"2017-11-10 11:38:04",RJ,boleto,149.7,perfumaria,135
000e562887b1f2006d75e0be9558292e,"2018-02-22 11:54:42",SP,credit_card,41.11,cool_stuff,25
16d479a0c1dc7afd13f40f670ff94787,"2018-01-24 10:47:49",MG,credit_card,384.93,consoles_games,370
16e6eb900110dfb1f423bfc65820ff87,"2017-11-24 19:34:33",MG,boleto,116.94,brinquedos,99.99
195ff45c167e808ee4f7ef32d7d8c984,"2017-09-21 13:45:32",GO,boleto,336.31,brinquedos,94.99
1fbac32f75f19d1b5242ad8748421730,"2018-01-25 22:07:56",MG,credit_card,72.45,papelaria,59.9
0a1f877f7653fce5563de42726f033ca,"2018-05-12 18:24:44",MG,credit_card,31.73,telefonia,13.5
0c283c8e0c146f4528295a6f4ade284f,"2018-07-15 00:25:23",SP,boleto,158.07,relogios_presentes,139
0973b2846805e4eaacbdff441e3dbc8e,"2018-01-02 17:35:56",RJ,boleto,45.69,eletronicos,28.9
035678e70978296fb0e7469a611c322e,"2018-01-10 05:39:45",SC,voucher,149.9,ferramentas_jardim,179.99
05e6d57ea1f64b4e9a0b37c669515cfc,"2018-07-03 23:29:36",DF,voucher,82.46,brinquedos,42.2
06f539e73d3a46feae1fa4667cc82f98,"2018-01-27 16:04:30",SP,credit_card,56.78,relogios_presentes,49
1dc00931526c6633db6df2a5f862830f,"2017-04-10 18:11:16",MG,credit_card,107.74,cama_mesa_banho,94.5
18f4178d9b3c33fa79c1a0d5eb214023,"2018-05-07 19:12:47",MG,credit_card,305.89,moveis_decoracao,39
18f4178d9b3c33fa79c1a0d5eb214023,"2018-05-07 19:12:47",MG,credit_card,305.89,moveis_decoracao,39
18f4178d9b3c33fa79c1a0d5eb214023,"2018-05-07 19:12:47",MG,credit_card,305.89,moveis_decoracao,39
04b3f8c1795246a5d14db7496d570bc9,"2018-02-08 09:54:26",SP,credit_card,101.96,informatica_acessorios,86.6
03d6e874e44c091359a3ad62f2bec233,"2018-05-02 13:42:27",SP,boleto,68.64,livros_tecnicos,57.49
1064f13c0d4e68e4ef47a2a99cca15f3,"2017-02-04 18:56:39",RJ,boleto,145.57,brinquedos,129.9
0eee1a4b63289dc4fd740238702f8fe8,"2017-04-11 21:22:09",RJ,credit_card,144.66,cool_stuff,129.99
24b0555959f9e29bcb212e1b0ed0b878,"2017-10-06 06:30:11",SP,credit_card,89.76,beleza_saude,81
05c3b5a011d47cd6cd88d4c5d6c15b90,"2017-07-03 16:21:43",PR,voucher,116.94,esporte_lazer,99
23bab630b11eed4b31aaa2edd31ba773,"2017-08-05 14:12:12",RJ,voucher,32.11,market_place,62.8
08915d73ff742886f0b4c9429af3c959,"2018-04-22 21:23:13",SP,boleto,98.16,utilidades_domesticas,89.18
01cc355e35cf24d314afe6de16c38712,"2018-03-26 18:47:24",SP,boleto,46.95,informatica_acessorios,24.89
19d1e5344936559f5f7b21099fdadd0e,"2018-07-02 16:41:22",SP,boleto,79.51,cama_mesa_banho,59.9
0a14f9fc5324099db2a5418351592675,"2018-03-03 10:30:17",RS,credit_card,85.24,informatica_acessorios,70
114b8cdf01e21ff5631995283f233d67,"2017-10-22 18:16:11",BA,credit_card,36.78,telefonia,19.99
121752685a1a4cf853bb87fb3b98f3af,"2017-04-14 14:16:59",SP,credit_card,315.26,informatica_acessorios,299
14e29f83cf6fcd5fcca40380a248eea1,"2018-02-13 11:28:54",SP,credit_card,72.98,cama_mesa_banho,59.9
06d7e8a85f5cfef576c5303ed7d7f2e5,"2016-10-07 12:06:30",MG,credit_card,72.02,cool_stuff,49
0828ce181ff4d87d201f07043986d0d2,"2018-07-15 15:09:05",RS,credit_card,106.62,instrumentos_musicais,59.9
0aeae688def7b96d0f56187115a7a8cf,"2018-06-18 18:19:17",SP,boleto,66.66,beleza_saude,58.99
21577126c19bf11a0b91592e5844ba78,"2018-03-16 00:14:19",RJ,voucher,4.74,agro_industria_e_comercio,57
07ca60831e2821d9443f1a0dccecf9ca,"2017-08-13 12:48:09",MG,credit_card,137.07,cool_stuff,118.99
200cb3a47d4f37e4c7a76abf51fd7ef1,"2017-08-12 10:18:22",RS,credit_card,166.59,moveis_decoracao,150.78
06743668e599a5ca8cfe58b46d058fc1,"2018-08-10 13:22:50",GO,credit_card,148.2,beleza_saude,122.99
0f6665a373c36216e96163b3162404b0,"2018-01-31 11:55:35",GO,voucher,73.7,automotivo,42.6
21577126c19bf11a0b91592e5844ba78,"2018-03-16 00:14:19",RJ,voucher,7.11,agro_industria_e_comercio,57
221fd74ddfd27876ddf1738cce22dd4f,"2017-10-16 09:10:24",SP,credit_card,212.59,cool_stuff,199.99
0bed480c1f9245de6f38a5c738dfc5f3,"2018-02-22 09:28:29",SP,boleto,83.41,eletrodomesticos,69.9
0552997d7a7283a7761acc3a5f9bcefd,"2018-02-24 18:28:51",SP,credit_card,37.09,instrumentos_musicais,22.99
029c366599ce117100419a093b7f6132,"2018-06-17 20:41:20",SP,credit_card,111.71,utilidades_domesticas,99.99
20a0f3d89273ba4b9525ba497e2821e8,"2018-08-08 22:55:31",SP,credit_card,126.9,moveis_decoracao,99.9
20e4793779b086b53af56a8ea4b94f71,"2018-07-26 16:37:10",SP,boleto,350.34,beleza_saude,97.99
20e4793779b086b53af56a8ea4b94f71,"2018-07-26 16:37:10",SP,boleto,350.34,beleza_saude,97.99
20e4793779b086b53af56a8ea4b94f71,"2018-07-26 16:37:10",SP,boleto,350.34,beleza_saude,97.99
16e149da07062935e510ddb0f573299b,"2017-10-23 22:16:49",PR,credit_card,84.14,relogios_presentes,69.9
16a8f7a8bbca3c9cc625c7f5e7b912e8,"2018-03-25 20:16:38",PR,credit_card,119.57,esporte_lazer,99.9
13dabdb9dbb49bde13dd90285c2640eb,"2018-02-12 19:26:15",SC,credit_card,95.31,informatica_acessorios,80
0c9850b2c179c1ef60d2855e2751d1fa,"2017-09-04 15:17:11",MA,credit_card,148.14,moveis_decoracao,38.4
0c9850b2c179c1ef60d2855e2751d1fa,"2017-09-04 15:17:11",MA,credit_card,148.14,moveis_decoracao,38.4
1e0fdb7395b6eab4335b7a41b88813e4,"2018-02-25 12:13:36",SP,credit_card,36.78,relogios_presentes,29
17229fc3b255deaf774bd892c1673951,"2018-06-04 12:12:32",SP,boleto,97.85,fashion_bolsas_e_acessorios,83.9
17854cb973394948ffc171595b2ea615,"2018-06-24 18:48:25",SP,credit_card,94.85,sinalizacao_e_seguranca,86.5
0796436a57062ff1b4a95616fdf3f2fa,"2018-08-19 18:34:21",SP,credit_card,367.45,beleza_saude,349.9
088833da9e3a3578817cee729d4e0a97,"2017-12-26 14:14:14",SP,credit_card,90.46,moveis_decoracao,76.9
112f6cd3047e7f158607233e26206398,"2018-01-03 16:29:52",SP,boleto,119.89,moveis_cozinha_area_de_servico_jantar_e_jardim,74.9
0e344e615390f8528b42e277875f0ba0,"2018-05-09 09:16:24",SP,credit_card,51.79,cama_mesa_banho,39
00bcee890eba57a9767c7b5ca12d3a1b,"2017-07-22 20:51:26",DF,credit_card,772.5,informatica_acessorios,165.5
2451b9756f310d4cff5c7987b393870d,"2017-07-18 13:02:38",PR,credit_card,349.7,esporte_lazer,160
2451b9756f310d4cff5c7987b393870d,"2017-07-18 13:02:38",PR,credit_card,349.7,esporte_lazer,160
04a59fe46fc5aa341da5378c195ed53c,"2017-11-26 09:32:06",PR,credit_card,75.18,bebes,60
22c3c17767ef06b388b1a0e1820d5338,"2017-11-27 12:28:47",SP,credit_card,123.89,moveis_decoracao,111.9
04ad6306c963b60d59a354f6cb9a3e13,"2018-03-19 13:21:27",SP,credit_card,232.97,esporte_lazer,219
0d09617395364c88c4ad7c457b439314,"2018-06-04 08:33:09",PE,credit_card,143.9,beleza_saude,122.99
00fb055886536063afa0dbee07a0944f,"2017-05-24 09:04:32",RJ,boleto,57.38,brinquedos,11.9
00fb055886536063afa0dbee07a0944f,"2017-05-24 09:04:32",RJ,boleto,57.38,brinquedos,11.9
0611a79fca63467aea19ba6f75536058,"2017-07-10 11:49:42",SP,credit_card,89.56,relogios_presentes,39
03dec253b6e471bd5b0653cc53b79e95,"2017-06-27 10:49:14",RJ,credit_card,158.38,cool_stuff,132.7
176955bde3aeef44537dbc94dd232986,"2017-06-25 20:32:05",MG,credit_card,132.42,moveis_decoracao,50.1
176955bde3aeef44537dbc94dd232986,"2017-06-25 20:32:05",MG,credit_card,132.42,moveis_decoracao,50.1
012670c73246a753cbde0a215c2b9e8f,"2018-03-02 19:01:27",RJ,credit_card,114.84,eletronicos,97.9
1e65b448bd96abe8434d64bc0ae4d609,"2017-08-21 17:06:20",PA,boleto,58.53,informatica_acessorios,32.9
18afb926a658a2f8a047e5cffc102bc6,"2018-03-06 15:44:13",SC,credit_card,83.33,relogios_presentes,65
0a4581df52d24b72b87ae0feb1b11d08,"2018-05-11 13:28:31",SC,credit_card,98.04,moveis_decoracao,79.9
10c7b16de7ade26ab82b8d6a42017e1e,"2017-11-25 11:24:09",MS,credit_card,168.61,cool_stuff,149.99
19fca62dacb4d96e5e9b491e45ff2c8a,"2017-12-18 21:47:55",SP,credit_card,556.86,cama_mesa_banho,259.9
19fca62dacb4d96e5e9b491e45ff2c8a,"2017-12-18 21:47:55",SP,credit_card,556.86,cama_mesa_banho,259.9
080c5db822472f28f4193dc902b9be32,"2018-07-30 18:55:02",SP,boleto,59.09,moveis_decoracao,49.99
1f19e6ce9fb04dda9ce82b2172a84d82,"2017-12-08 13:10:48",GO,credit_card,84.23,papelaria,69
0410fab6a2d13d2339283e1e2522518f,"2018-04-10 14:38:47",SP,credit_card,103.16,utilidades_domesticas,89.18
016b1af508245e59ef75d83e3fe20a92,"2017-04-06 17:19:53",PR,boleto,147.64,cool_stuff,129.99
0a9f89404bdc46f9d6be1c8c0226ba85,"2018-03-02 17:28:49",MG,credit_card,122.47,moveis_decoracao,99.9
15e6974ce19cb7d0b8483c30c071dbb5,"2017-11-28 14:49:26",MG,credit_card,63.1,relogios_presentes,49
1e6e729cbdd94df526b317598aaaaf62,"2017-05-02 12:10:15",BA,credit_card,83.69,market_place,62.8
0e3ec3c17b64c6cc7bc01bba21e7afdf,"2017-05-10 16:20:36",SP,voucher,25.84,moveis_decoracao,59.9
0e3ec3c17b64c6cc7bc01bba21e7afdf,"2017-05-10 16:20:36",SP,voucher,25.84,moveis_decoracao,59.9
063dda01b3489ce5f3bc164801e6e3e9,"2018-03-07 22:15:03",SP,credit_card,137.75,relogios_presentes,120
053abf362c2b73b283a3bd5a814320ac,"2018-03-28 07:43:11",SP,credit_card,97.87,eletrodomesticos,89.9
0975d77f1213304145f61b455a53792c,"2017-06-05 11:46:52",RS,boleto,148.15,cool_stuff,129.99
1511a49e1c1fda8e27cee1de2b51706c,"2018-03-28 17:35:07",RS,credit_card,27,telefonia,11.77
02ed129a369c56d40549270ac5900864,"2018-07-02 21:30:10",MG,credit_card,153.31,relogios_presentes,139
208f886949aabb97ed60c2f51a74717b,"2018-03-21 18:46:01",RJ,credit_card,168.03,esporte_lazer,151
1ab55c7db816b2ab39b5b324a22f4251,"2018-04-13 21:10:56",SP,credit_card,35.38,telefonia,27.99
24bfe29693d0dbabd5e08b3b3bf1064c,"2017-05-22 20:40:26",GO,credit_card,221.19,relogios_presentes,199
249cdd4e1dc4aa2c19a568ce182a7254,"2018-04-21 13:32:20",PR,credit_card,1272.76,malas_acessorios,1195
03c83b31dbc387f83f1b5579b53182fb,"2018-01-06 16:00:58",MG,boleto,672.41,pcs,599
1c31ab2a0da17fb7deea7714eb37847e,"2017-12-31 01:24:02",BA,credit_card,72.83,perfumaria,56.99
1a11f2a810e4980ba7cfd5566db2133a,"2018-05-05 09:24:20",SP,boleto,29.33,eletronicos,19.9
0c325ea6925de749e1420be0cf43587c,"2017-07-01 15:27:23",SP,credit_card,156.64,brinquedos,139.9
0227da6a9a5c5d03b593cc9c2bce3463,"2018-04-11 16:30:28",SP,credit_card,61.52,cool_stuff,49.9
250eede6202cff2981de57cba5c1b08c,"2017-04-05 12:07:47",MG,voucher,25,perfumaria,48.9
1ee75dd3dc1076b563a223486e86e7b9,"2018-01-04 13:25:14",RJ,boleto,84.82,telefonia,68.9
061b13cf87863db16e1a03178285ecfe,"2018-08-11 13:33:50",DF,voucher,15.34,cool_stuff,26.88
008fab5602c441d51f30b1464f5d4643,"2017-02-22 10:37:41",MG,credit_card,65.55,beleza_saude,49.99
24f092dedbece404a94beacda86c3a7d,"2017-09-26 13:50:32",RS,credit_card,601.3,cool_stuff,579.99
222e1885ba432dd5ead67bea2fcb89c0,"2017-06-13 14:12:58",PR,boleto,41.99,bebes,32.9
1e2eefb7d4535b86f105f75ea6125a47,"2017-12-29 19:20:15",RJ,credit_card,116.94,papelaria,99
1fba59812d94723a89e83c562c775750,"2018-06-21 14:06:14",SP,credit_card,121.9,moveis_decoracao,99.9
10d6e6ff69ff215144be63f043568409,"2018-04-25 14:50:03",PI,credit_card,104.3,eletronicos,72
10e35bcb8797cb8e4cd3c28e01fca87a,"2018-02-19 15:37:47",PR,credit_card,186.94,utilidades_domesticas,169.99
0f1a032292563a581f27eac807f97a05,"2018-07-25 21:14:25",SP,credit_card,52.21,portateis_casa_forno_e_cafe,38.6
1b4302389eccf1e9df072501f38b1e9a,"2017-11-24 09:56:07",RJ,boleto,53.5,esporte_lazer,36.9
20b4a1345c31cae5591e4faccbba51e6,"2018-05-02 18:41:06",ES,credit_card,172.96,beleza_saude,119.99
039330ccdc3eeb07d44541457391fcae,"2017-10-20 16:51:47",SP,boleto,312.82,telefonia_fixa,139
039330ccdc3eeb07d44541457391fcae,"2017-10-20 16:51:47",SP,boleto,312.82,telefonia_fixa,139
09475a764868b0fa004ced42388fe6c6,"2018-05-30 14:14:02",SP,credit_card,52.61,brinquedos,38.9
1e20cf4705f6ebc093f591e8bcde44a3,"2017-07-27 21:53:58",SP,credit_card,40.68,perfumaria,32.9
1046a71a57b33b4a92f9f932237f1ab0,"2018-07-31 13:56:17",GO,credit_card,44.27,esporte_lazer,25.99
1600bd49133bb733879bc4e6457945e4,"2018-06-17 17:39:53",SP,credit_card,41.37,perfumaria,32.9
0d4ec8ac8110edc00c3f378607191877,"2017-07-14 11:35:02",SE,boleto,61.05,esporte_lazer,39.9
1e54e64066c85e4c0b929c0dde6bec3b,"2018-02-01 19:56:10",PR,voucher,74.81,automotivo,59.9
1028f2778958e0ab0d9da92e14de14d1,"2018-01-15 16:50:56",RJ,credit_card,150.15,bebes,130
1ce8d14cbfa55d85f3009438ecbd792b,"2018-07-24 22:27:24",BA,credit_card,142.57,perfumaria,119.8
204c3a076103a93b98207df2faeb6b4c,"2017-05-21 08:00:00",GO,credit_card,226.22,cama_mesa_banho,210
0e8a52f34b055d2027ea7807c20119c4,"2018-07-31 20:25:18",SP,credit_card,91.79,moveis_decoracao,70
10516d5059a1ebd2841eafd0124d43ba,"2017-12-15 19:33:47",RJ,credit_card,128.26,esporte_lazer,120
14fc11541ec454b0a370072e1e9f59a0,"2018-02-08 10:50:20",RJ,credit_card,105.28,casa_conforto,89.9
0ca64e59f59b26fb6fb2726f907bb52d,"2018-05-03 16:13:44",RJ,credit_card,99.9,relogios_presentes,99.9
17e76907e42e85c99dd9e25d02f65314,"2018-07-27 08:26:31",RJ,boleto,68.44,perfumaria,49.99
1db6b3e51590f33eb7c5f063687a8f2d,"2018-01-20 21:10:23",SP,credit_card,154.74,utilidades_domesticas,129
1c1898497fc8543e0f31343dc1c31553,"2018-03-29 15:41:07",SP,credit_card,131.64,moveis_decoracao,35
1c1898497fc8543e0f31343dc1c31553,"2018-03-29 15:41:07",SP,credit_card,131.64,moveis_decoracao,35
1c1898497fc8543e0f31343dc1c31553,"2018-03-29 15:41:07",SP,credit_card,131.64,moveis_decoracao,35
1c0d93546a9b70093cb412cc8f50a405,"2018-04-09 13:24:06",PR,credit_card,102.09,industria_comercio_e_negocios,79
0f344e8ea4fe9078a8183936e5407113,"2017-08-05 22:25:06",PE,credit_card,157.22,utilidades_domesticas,60.9
0f344e8ea4fe9078a8183936e5407113,"2017-08-05 22:25:06",PE,credit_card,157.22,utilidades_domesticas,60.9
164f22d152f646ca5ebb5a2049e3adfd,"2017-08-11 13:06:48",MG,credit_card,153.2,brinquedos,135
24eaa9941af703f34c309aff1a56aa5e,"2018-02-07 15:35:12",SP,boleto,54.62,esporte_lazer,45.9
045806c8806bca9909e23a1a79cfdd0c,"2017-12-10 20:49:32",SP,credit_card,174.15,bebes,139.9
1d14bb358f43b14725c70bdc035ce24e,"2018-03-02 23:51:51",DF,credit_card,40.53,moveis_decoracao,14.9
125f4dd03bbae6aa696e6196ac423f72,"2017-08-15 11:58:33",SP,credit_card,234.69,brinquedos,449.99
0a32952933d2a181dfe8f11d41f9f9b2,"2017-06-19 08:37:15",MG,credit_card,49.69,bebes,32.9
007beb35f98c075747e6fc4fd1c0cb73,"2017-09-23 08:32:53",RJ,credit_card,83.59,cama_mesa_banho,64.9
0c8703831f0dff29ae877f4f9cce845c,"2018-07-14 09:40:19",RN,boleto,288.37,automotivo,229.99
1a2b0033f0b7a3116f00594ec5524344,"2016-10-06 22:23:25",RJ,credit_card,87.57,brinquedos,69.99
1335770a97f98c72818680ee3ff1d00a,"2017-08-21 12:19:16",SP,credit_card,42.77,informatica_acessorios,34.99
237fe1628607420f6e0a5a4c4a64b298,"2018-05-06 21:29:07",SP,credit_card,91.35,cama_mesa_banho,77.9
0d4a3f1765974c4b0f1f07bb6ce1bda3,"2018-04-26 09:49:05",SP,voucher,21.39,telefonia,14
04d0a4d84d5dc9cc343ca4d0e4120a4d,"2017-05-20 18:34:35",MG,credit_card,73.76,brinquedos,52.9
0d193d461bbcef442c5e6786a16d5bca,"2017-11-20 12:49:02",SP,credit_card,167,telefonia,29.9
0d193d461bbcef442c5e6786a16d5bca,"2017-11-20 12:49:02",SP,credit_card,167,telefonia,29.9
0d193d461bbcef442c5e6786a16d5bca,"2017-11-20 12:49:02",SP,credit_card,167,telefonia,29.9
0d193d461bbcef442c5e6786a16d5bca,"2017-11-20 12:49:02",SP,credit_card,167,telefonia,29.9
1c086b183353c56b2ad03c345330d9a5,"2018-08-01 16:57:20",SP,credit_card,758.32,construcao_ferramentas_jardim,735
2279e81e4cfd1c590ccbc2e0b9c1b90b,"2017-09-20 22:10:16",PI,boleto,104.28,brinquedos,82.9
17e8552f435a2ecca2d7a06c1e7fd085,"2018-08-10 09:49:54",PE,credit_card,214.73,automotivo,166.9
0689012a897b2ac50b37994d77898bc8,"2017-03-08 10:44:37",PR,credit_card,1097.31,moveis_escritorio,269.9
0689012a897b2ac50b37994d77898bc8,"2017-03-08 10:44:37",PR,credit_card,1097.31,moveis_escritorio,269.9
0689012a897b2ac50b37994d77898bc8,"2017-03-08 10:44:37",PR,credit_card,1097.31,moveis_escritorio,269.9
01ccfbb0ddf88340b6eed3f1370bcf0c,"2018-08-21 20:20:09",DF,credit_card,138.78,papelaria,79
18b5dc19d0cf40a8d307902c30296340,"2018-02-25 11:50:52",PR,credit_card,215.14,cool_stuff,199
0df6d3734fc28f15c08eb4a9f931e3a8,"2018-02-05 15:00:28",SP,credit_card,21.77,informatica_acessorios,13.99
21c03a286e71d3afc682942e4c8eb2bf,"2018-01-06 12:38:44",BA,credit_card,143.01,moveis_decoracao,99.9
145b75a554e404852b520d70c50c9f9c,"2018-08-03 21:46:07",SP,boleto,40.85,telefonia,27.99
0d66368d8615f7b306db970f3ba475ee,"2017-09-10 10:18:06",RJ,credit_card,319.81,perfumaria,309.9
0392a7fd15fc16848335cb8ff143a940,"2018-05-03 14:36:50",SP,boleto,38.29,automotivo,30
11e75c2a931a2968007c44bddf001102,"2018-03-16 11:03:07",SC,credit_card,609.66,moveis_decoracao,75
11e75c2a931a2968007c44bddf001102,"2018-03-16 11:03:07",SC,credit_card,609.66,moveis_decoracao,75
11e75c2a931a2968007c44bddf001102,"2018-03-16 11:03:07",SC,credit_card,609.66,moveis_decoracao,75
11e75c2a931a2968007c44bddf001102,"2018-03-16 11:03:07",SC,credit_card,609.66,moveis_decoracao,75
11e75c2a931a2968007c44bddf001102,"2018-03-16 11:03:07",SC,credit_card,609.66,moveis_decoracao,75
11e75c2a931a2968007c44bddf001102,"2018-03-16 11:03:07",SC,credit_card,609.66,moveis_decoracao,75
1e62c84c858e09d44e8612fd6efeeb32,"2017-07-14 10:56:13",RS,boleto,250.84,informatica_acessorios,109.9
1e62c84c858e09d44e8612fd6efeeb32,"2017-07-14 10:56:13",RS,boleto,250.84,informatica_acessorios,109.9
13560ce213996d123d92f607e1ed93c7,"2018-05-02 20:22:11",MG,credit_card,99.9,relogios_presentes,99.9
06c2f55902daa48386515225a766e7d1,"2017-12-08 19:02:53",SP,credit_card,116.36,brinquedos,99.9
17a39edc59d79318c54904f59d6f4b81,"2018-05-07 10:52:08",SP,credit_card,51.79,cama_mesa_banho,39
17ece7ee59d823d55795a356168275e4,"2017-09-02 14:37:17",SP,credit_card,222.11,esporte_lazer,195.9
1308ad90597fb922916cd20eda3d53b2,"2018-06-25 17:18:17",DF,credit_card,303.19,consoles_games,284.9
155e6d1ccd9fe50ed7aa1ddd3bfb1cf5,"2018-05-14 11:40:42",PR,credit_card,36.83,brinquedos,18.6
09abedc2c8793fa1ef3a6eb50a9587e6,"2018-06-01 14:55:40",SP,credit_card,97.76,moveis_decoracao,40
09abedc2c8793fa1ef3a6eb50a9587e6,"2018-06-01 14:55:40",SP,credit_card,97.76,moveis_decoracao,40
1ff554f292eca293a405beea2511f6de,"2017-03-10 08:35:10",RJ,boleto,84.2,brinquedos,66.99
01a6ad782455876aa89081449d49c452,"2018-01-18 10:07:52",RS,credit_card,50.09,telefonia,34.99
073f64b0ac2c4ba51efd4327faca2d39,"2017-08-05 17:47:16",RS,credit_card,156.64,esporte_lazer,139.9
0e33201d95dd99ef2fc82d81732957b2,"2018-07-23 10:58:50",SP,credit_card,63,eletronicos,49.99
18c2124c3874f480651069f1f8c9b903,"2017-11-22 19:18:21",RJ,boleto,124.02,moveis_decoracao,45.9
13035ade0af633971e01aacc109cfca0,"2017-08-22 08:22:14",SP,credit_card,42.77,informatica_acessorios,34.99
14f38e83e237f237348b97dd9f228d40,"2018-01-31 09:49:33",SP,credit_card,53.58,beleza_saude,40.5
17158b7ebb079668a6f21a5660ec6e83,"2018-02-04 19:54:07",MG,credit_card,46.82,utilidades_domesticas,29.9
090353bbd0b20f65c374b389aa15dcf4,"2018-07-24 19:26:30",MG,boleto,120.98,ferramentas_jardim,97.5
0670e42d70788dc30446908644d4cd74,"2018-02-22 11:41:40",RS,credit_card,150.14,esporte_lazer,59.9
0670e42d70788dc30446908644d4cd74,"2018-02-22 11:41:40",RS,credit_card,150.14,esporte_lazer,59.9
0489818f0b5863c095a7445ee35fd7f2,"2018-03-15 20:56:24",ES,credit_card,104.9,informatica_acessorios,81.4
1b462189eca41fdd61ad58561176b49c,"2018-01-11 09:46:16",SP,boleto,88.01,beleza_saude,34.9
158263d44a3e5ae322126338c7776dea,"2018-01-05 09:35:30",MG,credit_card,112.82,beleza_saude,99.99
0f980ae5eab9825b34c18c945956220e,"2017-04-25 15:24:09",SC,credit_card,79.61,beleza_saude,64.99
08f5487befe25744feabb3203a4dc09b,"2018-02-27 18:26:39",SC,boleto,48.69,informatica_acessorios,31.9
21577126c19bf11a0b91592e5844ba78,"2018-03-16 00:14:19",RJ,voucher,7.11,agro_industria_e_comercio,57
20343beb23f60b10de8ede4f709752cb,"2017-10-11 14:15:48",SP,credit_card,66.78,relogios_presentes,59
1f87ac3f856bae9e742538bc551bdf5b,"2017-10-27 12:38:18",SP,credit_card,425.51,moveis_escritorio,194.99
1f87ac3f856bae9e742538bc551bdf5b,"2017-10-27 12:38:18",SP,credit_card,425.51,moveis_escritorio,194.99
0ff4f1ed797bbfac9a16714dfa5162aa,"2018-02-26 12:58:20",RJ,credit_card,354.08,automotivo,329.9
0f6ca8c1fe7561766aaaf3f6e2011654,"2018-04-11 14:51:31",SP,boleto,70.14,beleza_saude,58.99
1b68cfcb862b5d454c4812021edbe3b4,"2018-07-17 20:51:27",PR,credit_card,268.84,utilidades_domesticas,249
1d04b765ffb9fa87d403662637c984f6,"2018-04-13 08:46:34",PA,credit_card,116.6,utilidades_domesticas,78
114b220ff080617e99d21cb8549b7433,"2018-06-29 20:26:56",SP,credit_card,68.05,construcao_ferramentas_construcao,55
0ebfe9a26193534976676159811310dd,"2017-08-11 17:27:16",RS,credit_card,153.14,utilidades_domesticas,59.9
0ebfe9a26193534976676159811310dd,"2017-08-11 17:27:16",RS,credit_card,153.14,utilidades_domesticas,59.9
026a8d09914c519feb34944477b6bd41,"2017-08-27 12:57:14",MG,credit_card,55.58,moveis_decoracao,35.99
0b461bff8323f6fec51ec6254a81d562,"2018-06-22 12:48:41",SP,boleto,20.19,beleza_saude,11.9
15341b05d64b1a27163a196767a80afe,"2018-03-24 11:41:24",GO,credit_card,606.08,pet_shop,530
1606a97aa8d4a52d6d2c6467eeb5f4c0,"2018-08-06 11:46:04",SP,boleto,135,casa_construcao,119.85
1b8b690d422116abd9e63afdd49dc279,"2018-05-05 14:48:34",GO,credit_card,818.4,eletrodomesticos_2,750
23bd3ea8478099ea89638b5514a1198b,"2018-03-03 00:42:02",SP,credit_card,42.06,informatica_acessorios,30.21
125380a45478fae5bd5466553f2ed928,"2018-08-18 22:41:34",RS,credit_card,76.07,cama_mesa_banho,52.9
12e8c054bdee17bfc0fd3d92d8cbda10,"2017-10-16 01:21:34",PR,credit_card,89.17,esporte_lazer,72.9
2443aecfadead9c6df5d80d063925e25,"2017-05-30 12:05:05",PI,boleto,1150.8,bebes,799.99
01d2fc3e47376926a97ae795036db093,"2018-06-27 21:20:18",SP,boleto,47.54,beleza_saude,34
0a671900301b8fcb176e26d685aa7fb2,"2017-10-31 21:42:47",SP,boleto,73.62,construcao_ferramentas_construcao,64.9
062fb51d4257a8a7ef0bb5df1becde54,"2018-01-12 13:14:51",MG,credit_card,37,pet_shop,21.9
13b32cf595a5b647550ed0e6f4f11415,"2018-05-19 11:30:16",SP,credit_card,98.15,instrumentos_musicais,59.9
20addc4c26c3dff0ea76ca5704d102d5,"2017-08-10 19:34:55",PE,boleto,184.52,brinquedos,52.9
20addc4c26c3dff0ea76ca5704d102d5,"2017-08-10 19:34:55",PE,boleto,184.52,brinquedos,52.9
0113affd907a209209ab08413bb54226,"2018-07-09 20:46:49",TO,credit_card,186.1,beleza_saude,122.99
00b47ee856118583dbec7d1f9b18d847,"2018-03-26 19:58:48",DF,credit_card,28.88,eletronicos,13.65
1d0179e06d705c4c8b0cccd7c58c30cb,"2017-11-03 22:32:42",SP,credit_card,98.9,papelaria,40
00f6dbc6195397197ee147ee45607a2c,"2017-05-01 17:23:57",SP,boleto,64.42,telefonia,49.9
0ac4a31679b7cc92b7f6cb3684f55e2c,"2017-08-19 15:28:33",MG,credit_card,68.04,moveis_decoracao,51.92
1b56eac6a1af4ad14e269f7639592b6d,"2017-04-15 15:28:36",MA,credit_card,81.88,perfumaria,56.99
0b937678b38558c4fec110aed9d5f8ac,"2017-11-20 19:25:48",SP,boleto,133.86,esporte_lazer,120
18917193c2d4f159daff7df3b208d22e,"2018-02-18 19:05:11",SP,boleto,34.84,informatica_acessorios,22.99
214a42323dd7ec45504d319315a1386b,"2018-06-08 17:05:16",SP,credit_card,220.03,papelaria,72
1eecd2bcaafb81b8fa1c0c28d3de1f32,"2018-05-26 15:41:19",RS,credit_card,154.28,cama_mesa_banho,119.9
2313fc14bc3187d0691674f1016242d9,"2018-06-23 23:28:03",MA,credit_card,44.86,telefonia,21.99
0a4c05d2e1ae812a342af2f5c9a34b36,"2018-07-31 13:55:19",SP,boleto,171.09,relogios_presentes,58
19f9ab36cda8d833cc1ea61fa046030d,"2017-05-25 16:09:40",RJ,credit_card,940.78,informatica_acessorios,217.91
23628e1dadb5e31443d876fdd2e2893c,"2017-08-09 16:43:18",SP,credit_card,136.37,brinquedos,119.9
050c32bac1e923fa3406fdedf75feb89,"2018-03-05 12:04:09",RS,credit_card,215.64,moveis_escritorio,169.99
2017c51dd36023cb764747debc340314,"2018-05-18 12:42:03",PR,boleto,42.12,moveis_decoracao,29.99
23bab630b11eed4b31aaa2edd31ba773,"2017-08-05 14:12:12",RJ,credit_card,44.88,market_place,62.8
16547d000ee8f177f45827613e2a17f3,"2017-03-21 21:16:22",RS,credit_card,70.08,telefonia,18.99
1864e41539736858aa1100d27cf3f34c,"2018-02-22 19:57:36",SP,credit_card,186.96,cama_mesa_banho,79.9
1864e41539736858aa1100d27cf3f34c,"2018-02-22 19:57:36",SP,credit_card,186.96,cama_mesa_banho,79.9
0402c01cc0985160e52a67f202177b78,"2017-09-26 12:48:14",SP,boleto,70.72,beleza_saude,58.99
03720fdc92032ee4abd471d172006ab0,"2018-08-05 21:34:54",MG,credit_card,143.49,moveis_sala,99
21577126c19bf11a0b91592e5844ba78,"2018-03-16 00:14:19",RJ,voucher,4.65,agro_industria_e_comercio,57
08d27643b4ade2434f167dc1ba237b4b,"2018-02-10 20:50:32",SP,credit_card,94.31,cama_mesa_banho,81.4
040f214f2ec8be892fee452b52a96f1f,"2017-11-01 15:52:21",SP,credit_card,217.64,cool_stuff,199
1544c3a5e5f00c3c65b8a7d5b83d7b04,"2017-11-02 14:14:52",SP,credit_card,93.36,automotivo,70
1239c47cd51a11ce6c5b16e84517626f,"2018-05-14 20:30:36",SP,boleto,223.27,esporte_lazer,209.9
1cda18d2a64c5cbb986e64a2d8030dec,"2017-03-22 01:09:40",BA,debit_card,217.72,perfumaria,198.9
0f3fa3a2cb34840acd1e3d0fc1b95382,"2017-12-29 08:15:09",ES,boleto,315.84,relogios_presentes,299
246840373d06acdce224acc218f73c66,"2018-07-17 23:05:11",SP,credit_card,55.86,esporte_lazer,42.9
1c4b050b03674a68df8780c156a1e117,"2018-06-27 16:40:20",MG,credit_card,73.4,cama_mesa_banho,49.9
1017e188d93cee2c3292c71a98dbec38,"2017-04-20 17:17:29",SC,credit_card,97.46,cama_mesa_banho,143.99
1e89e2312f1a1fd948c615602f200480,"2018-06-29 22:00:43",SP,boleto,83.06,cama_mesa_banho,69
162b56a349cbc23e6ff66357119607d1,"2017-06-26 12:40:35",RS,boleto,58.09,pet_shop,42.99
17ab3523ccdc39226b04bbdd9bbceaad,"2018-02-17 18:53:56",SC,credit_card,30.1,eletronicos,15
17ba08ab21ccbb0c886139aa8557ca7a,"2018-03-26 10:42:45",RS,credit_card,229.78,eletronicos,97.9
17ba08ab21ccbb0c886139aa8557ca7a,"2018-03-26 10:42:45",RS,credit_card,229.78,eletronicos,97.9
12661e88e7fb495c59a6db6050546e4d,"2017-11-24 23:22:56",ES,credit_card,675.01,cool_stuff,610
0f1e7409f75f39dd6de647d802dd1094,"2018-04-03 00:09:27",SP,credit_card,58.16,bebes,48.9
0886f12bc4f3770e8660c836cd58abbd,"2017-08-14 14:05:00",RS,credit_card,236.21,utilidades_domesticas,209.9
2140d49aa405c7c344212e78351fef98,"2017-02-08 10:07:23",PR,credit_card,23.99,telefonia,9.88
0c53c83ddb6fc0f6d915cda471c0aee5,"2017-08-29 20:50:49",MG,credit_card,334.46,beleza_saude,315
0e1bac945331ee7ac2676eaec01b8fc4,"2017-03-22 17:26:40",AL,credit_card,220.74,perfumaria,198.9
181728774174bd10684323a6cd0759b1,"2018-01-11 14:50:37",SP,boleto,102.64,papelaria,89
19ad2d72d688eca2dc11bf19bc9ffcf2,"2018-02-20 20:41:50",SC,credit_card,51.69,utilidades_domesticas,34.9
0e947809a364825d9cd3af9fe3197074,"2018-07-30 12:19:23",SP,credit_card,124.54,perfumaria,104.9
0803296b40e2392a6d35771832ca1d7a,"2017-03-09 10:36:58",MG,debit_card,56.52,casa_conforto,42
17318780f22a9e85b5173c75768b4db1,"2018-03-26 22:13:38",SP,credit_card,70.14,beleza_saude,58.99
1a64643317da0457d3f145fab8734b22,"2017-09-09 03:24:19",PE,boleto,79.8,beleza_saude,58.99
16cc0fe71527d13426bdbe29205b2053,"2017-08-28 20:24:53",SP,credit_card,101.12,climatizacao,89
044c27c9fb6d9b51bba0efa1fd726c97,"2018-04-05 15:25:53",SP,boleto,103,beleza_saude,87.51
23922a8d5cf1517d181d87c134bdb162,"2017-09-14 10:22:06",RJ,credit_card,232.06,informatica_acessorios,98.9
23922a8d5cf1517d181d87c134bdb162,"2017-09-14 10:22:06",RJ,credit_card,232.06,informatica_acessorios,98.9
1efe916e0147732877ae7c2ae6a245ba,"2018-04-24 14:39:42",AL,credit_card,856.89,eletrodomesticos_2,750
21fba9f048e9bc341bb296a44d7e5b2e,"2017-11-18 21:52:08",SP,credit_card,68.8,utilidades_domesticas,39.9
0070092bb6004faafa287e5fc35971e9,"2017-07-25 11:42:58",SP,credit_card,163.06,brinquedos,149
249e497dd267cc393437ed057a09386d,"2017-05-02 13:41:42",MG,credit_card,255.85,bebes,240
18ca340d8c5cef7fba3c9c18efce43e9,"2017-02-17 14:18:10",MG,boleto,33.42,telefonia,18.9
0e4ec64e6128e64544f0c316b5f5657a,"2017-11-09 12:26:19",SP,credit_card,70.72,beleza_saude,58.99
20efd9f000215e0bbefcf087e8cf3d61,"2017-06-06 23:09:17",MG,credit_card,74.19,beleza_saude,59.99
15b00f1a7877ceb1dbcfde56e50359f5,"2018-01-22 09:26:07",MG,credit_card,106.87,informatica_acessorios,89.8
03b70c61372aebf257ccfacc6ca0aa58,"2018-05-13 15:50:44",SP,credit_card,876.82,portateis_casa_forno_e_cafe,858.9
0c2c52fb29b2957f1e4a1e055bcfb5f5,"2018-01-10 23:36:12",MG,credit_card,387,moveis_decoracao,370
1222dd8e203987d55f99c5552d41746e,"2017-09-11 15:36:42",TO,credit_card,166.87,moveis_escritorio,129.94
214f01607529c68623e62bcf73e8397f,"2017-10-20 14:08:15",SP,boleto,403.27,bebes,388
03053b1cb20006c7f8160754d56f4f6f,"2018-02-19 13:18:57",RJ,credit_card,54.01,fashion_bolsas_e_acessorios,37.9
17e474ff1065f1a6ae77b42169d8c451,"2017-09-15 11:22:39",SC,boleto,174.36,papelaria,69
2353193a857232c5eb9a7604fc505089,"2017-11-28 18:51:49",ES,credit_card,291.57,relogios_presentes,274.9
2372d0c3ea71f023b269f1c1ba34f675,"2018-08-08 17:42:30",SP,credit_card,105.7,cama_mesa_banho,39
04e289ce03d58b279959796d73dee219,"2017-07-28 08:29:08",SP,credit_card,47,bebes,32.9
10f70d48b35870bdaaafca92fe51a573,"2018-01-04 12:45:51",SP,credit_card,93.01,eletronicos,79.9
1ccd1537ab2eaa0587bf7495f32473a8,"2018-01-18 20:46:23",SP,credit_card,72.98,cama_mesa_banho,59.9
171c9f9a5667b0bea55d8b78c27bc5bd,"2017-07-18 09:57:34",RJ,credit_card,95.22,cama_mesa_banho,79.9
115778b69ef3f8bece387ae594bcecba,"2018-02-17 11:00:31",SP,credit_card,111.19,relogios_presentes,99
1257e20a360aff14dfaa811bc8e50e09,"2018-07-04 21:00:38",SC,credit_card,48.3,telefonia,29.99
02ce7f70a5c7a6b04c29a98b061d68b7,"2017-06-05 21:47:24",SP,credit_card,387.49,brinquedos,329.9
1cdc5514158935d7bd408f33538ce130,"2017-11-08 10:43:15",SP,boleto,44.73,instrumentos_musicais,34.99
2405d4b16cb4edad76ffbf3723f58423,"2017-11-16 21:48:51",SP,boleto,31.77,beleza_saude,23.99
10f809105e097213525169c1cba5c5cd,"2018-08-09 14:34:22",RJ,credit_card,28.47,utilidades_domesticas,20.9
1017e188d93cee2c3292c71a98dbec38,"2017-04-20 17:17:29",SC,credit_card,67.62,cama_mesa_banho,143.99
0bece47d86c4c6000ca551001a15669d,"2017-10-11 11:04:43",RS,boleto,206.97,informatica_acessorios,59.9
0bece47d86c4c6000ca551001a15669d,"2017-10-11 11:04:43",RS,boleto,206.97,informatica_acessorios,59.9
0bece47d86c4c6000ca551001a15669d,"2017-10-11 11:04:43",RS,boleto,206.97,informatica_acessorios,59.9
0f9cc7808799d149c260814488be8e26,"2018-03-11 22:23:57",PR,credit_card,68.13,esporte_lazer,49.9
1313a242a48f98101da4d48b310bf517,"2017-10-16 15:39:02",GO,credit_card,148.15,cool_stuff,129.99
1ab81205bd97428adba5715c92dae13a,"2018-05-13 15:41:30",SP,credit_card,876.82,portateis_casa_forno_e_cafe,858.9
0347e77ba3ffb1d21339231e1f882b5c,"2018-02-05 17:50:42",SP,credit_card,165.04,informatica_acessorios,69.9
0347e77ba3ffb1d21339231e1f882b5c,"2018-02-05 17:50:42",SP,credit_card,165.04,informatica_acessorios,69.9
0ce50541293dbe475fde11c04962e953,"2018-02-07 11:31:06",RJ,credit_card,35.68,eletronicos,19.89
0766586a37a3ceaf9623fdedcb51240f,"2018-04-26 00:39:22",DF,credit_card,213.77,automotivo,189.9
01dbd2da9b685e6d444416f7825d0931,"2017-10-04 22:21:13",RS,credit_card,48.7,fashion_bolsas_e_acessorios,33.6
03eba6d9fef8f5b3e811d4b5a7cca9cd,"2018-02-08 20:09:44",MG,credit_card,102.83,cama_mesa_banho,84.99
192de94c5d82086caf648552314731ad,"2018-04-20 09:31:43",SP,credit_card,86.58,esporte_lazer,35.9
192de94c5d82086caf648552314731ad,"2018-04-20 09:31:43",SP,credit_card,86.58,esporte_lazer,35.9
045abe3dd2d7c962b78a446b053238a6,"2018-03-10 12:51:18",PI,credit_card,222.89,bebes,169.9
048cc42e03ca8d43c729adf6962cb348,"2017-11-16 21:28:00",SP,credit_card,24.68,perfumaria,16.9
181777e7d3379b0f81d408dfa33487f1,"2017-11-26 13:10:35",SP,credit_card,46.37,eletroportateis,33
0b40648d6c533ac73822cb32caf5cfa3,"2017-08-15 11:08:17",AL,credit_card,136.5,malas_acessorios,114.9
123eb6c42fb774382bf82e6a332af592,"2018-02-25 15:54:36",SP,credit_card,37.27,beleza_saude,23.9
1bf96d65e405802ae7b8a8e176b0b3e6,"2018-07-22 00:08:01",RJ,boleto,50.35,relogios_presentes,35
1d41ac5f5e6002b984d0c8609f0019e3,"2018-04-01 11:08:04",PR,credit_card,38.07,utilidades_domesticas,18.75
21577126c19bf11a0b91592e5844ba78,"2018-03-16 00:14:19",RJ,voucher,2.35,agro_industria_e_comercio,57
211635839640ec89714ed4410c5d9eea,"2018-05-27 16:00:16",SP,credit_card,33.16,telefonia,25.77
1f0ab4d9a83fe935e1e0bf1061890186,"2018-03-19 21:52:58",SP,credit_card,27.19,construcao_ferramentas_jardim,14.4
042f96d01e1471ebf86650ae185a0746,"2018-06-17 01:28:58",SP,voucher,23.29,telefonia,15.9
029b2daf51dda061aeb1cf32c9306db7,"2018-08-06 16:20:23",SP,credit_card,48.21,pet_shop,29.9
011c899816ea29773525bd3322dbb6aa,"2018-04-30 15:02:34",RJ,boleto,99.9,relogios_presentes,99.9
1996623a04f4179e755f57dbcb67d5b3,"2018-05-07 17:39:18",GO,credit_card,119.96,perfumaria,105
16a7204d840d81ed38a60b9539607280,"2018-02-27 22:16:25",BA,credit_card,282.98,moveis_decoracao,229
19f395a57cae29f6cc7413119e0b45dd,"2017-06-04 10:49:43",PR,credit_card,66.01,moveis_decoracao,49.9
01ba72e24cf883d74c5479c0a626c740,"2017-01-17 19:55:40",RJ,boleto,59.12,esporte_lazer,44.6
21577126c19bf11a0b91592e5844ba78,"2018-03-16 00:14:19",RJ,voucher,4.39,agro_industria_e_comercio,57
1e219f956f9c6addbb50e09227473228,"2017-11-28 18:13:33",SP,credit_card,100.18,esporte_lazer,78.97
16c96dd4350d02d1890b8b7fd141da9a,"2018-04-25 02:15:01",SP,credit_card,289.83,brinquedos,275
18e83381f06c519894068bc3434fb638,"2017-07-04 18:56:33",SP,credit_card,118.41,informatica_acessorios,109.9
041cba819a99569f87996b65b73ea82e,"2018-03-18 00:19:20",DF,credit_card,38.15,beleza_saude,23.99
1d52ba7197c7acebbb4f826f6585536f,"2017-02-13 18:32:55",RJ,credit_card,286.09,informatica_acessorios,269
04ebe10a05b6cb445e27b34f29a01c1a,"2018-08-17 09:54:22",SP,boleto,153.1,beleza_saude,122.99
210c564437a3ed150b4ac174eb4282fa,"2017-07-25 21:16:30",SP,credit_card,27.77,beleza_saude,19.99
03d0e68d9f396f3c4e69dbbb0abc3564,"2018-01-24 09:22:03",RJ,boleto,61,brinquedos,46.9
1cb3c680ddf904752646028ee22073a4,"2018-07-27 14:08:38",SP,credit_card,203.9,relogios_presentes,189
0bd044f3b358bb88951e3ea66eadcc70,"2017-09-13 11:34:35",RJ,credit_card,21.14,perfumaria,56.99
21577126c19bf11a0b91592e5844ba78,"2018-03-16 00:14:19",RJ,voucher,11.33,agro_industria_e_comercio,57
107478e48c13dc0b39a379510464cd9d,"2018-04-26 08:42:36",SP,credit_card,84.24,beleza_saude,71.3
0f4ace47be2863cb7e7e547f32afbe2a,"2017-12-04 22:14:17",SP,credit_card,52.1,esporte_lazer,36.99
1c68c68cddc15f7e365dc53a0e91e8f5,"2017-10-29 00:30:11",SP,credit_card,84.77,esporte_lazer,76.49
138f3f66f9024197655880c8c010fd53,"2018-02-27 09:55:29",BA,credit_card,69.31,eletrodomesticos,52.5
16a8ed3100a70b46cf67125e6bb54fa8,"2018-03-20 17:11:23",ES,credit_card,40.94,beleza_saude,23.99
129c58b77c85a73933e98de57c705559,"2017-11-08 18:19:54",SP,credit_card,131.04,eletronicos,113
20e8735e683506f2f09e1a0e00f8114a,"2018-02-01 17:56:29",MG,boleto,487.86,moveis_escritorio,419.9
1b6ab77fb1ae705dfd81220651e0d7c1,"2017-05-02 11:31:55",SP,credit_card,53.52,fashion_bolsas_e_acessorios,39
0517a3e68dac3308995edca2144db36e,"2018-04-26 18:53:02",SE,credit_card,99.9,relogios_presentes,99.9
04af00b2ad7756ba45549af1e832d8da,"2017-12-05 21:01:20",SP,boleto,148.49,malas_acessorios,134.99
085c1b501f2aed6dc60955055e9567bd,"2018-03-23 20:43:35",BA,credit_card,50.05,telefonia,27.99
0fdf3166230480d0c55e5d70a2da40c2,"2018-01-26 18:43:05",RJ,credit_card,26.61,informatica_acessorios,27.9
1c38140d4542f0ac92eeafa89c9575c0,"2018-05-04 13:57:53",SP,boleto,36.78,fashion_bolsas_e_acessorios,23.99
0b1651a280049a50402bc56d50785c3c,"2017-09-28 13:13:18",RS,boleto,58.41,livros_interesse_geral,43.3
18d86dc05e56e4fe15bf2d5570ba8c4c,"2018-01-30 10:39:49",SP,credit_card,137.45,eletroportateis,119.9
05ca3bba2e4c3bc5c601b57af96cf3cf,"2017-01-27 14:24:28",RS,boleto,84.99,brinquedos,66.99
04f1689642ed3c3e45244d4f7b2fe731,"2018-08-20 12:05:01",MT,credit_card,280.89,beleza_saude,259.9
06e4e324b83309e575442446e34377d7,"2017-06-21 22:40:33",SP,boleto,122.6,malas_acessorios,99.9
025884a2189930178d9ba3b1c6d0f9ba,"2018-03-20 09:29:26",BA,credit_card,152.5,cama_mesa_banho,124.9
01677846a819fff5fc22d43d61e58367,"2018-05-03 10:12:15",RJ,credit_card,127.87,esporte_lazer,120
02623e799dcc1e41066ddfe4af591f24,"2017-12-06 08:47:32",DF,credit_card,68.11,beleza_saude,52.99
1c4b283e95602be28c975207016558f1,"2018-07-31 14:27:06",SP,boleto,37.83,telefonia,24.99
200553df452156c2fec1e8250369636c,"2017-12-03 00:07:54",RJ,credit_card,146.66,brinquedos,129.99
195070d2d0eb1da7d93b958bce36d1ef,"2017-02-08 05:56:31",SP,boleto,30.95,beleza_saude,19.99
0dfb6682877b58ca5105919c6cd2b741,"2017-06-04 14:38:36",GO,credit_card,58.09,pet_shop,42.99
0cae0419c5938004fa8b8dba302552d1,"2017-07-03 16:43:26",MA,boleto,61.05,esporte_lazer,39.9
110f190bf49ab04f3ead4f860570e902,"2017-10-03 15:46:55",SP,credit_card,92.11,informatica_acessorios,130
10f79c7ff9fb9b8ce494bd5f0357aa8f,"2018-03-18 10:44:02",RJ,credit_card,65.22,perfumaria,49.99
2502637317f775ba447bdb648a18f213,"2017-09-12 19:28:31",MG,credit_card,38.09,beleza_saude,23.99
03d409e5b5b19ae88c43b41b503fdc5f,"2017-09-04 16:49:14",SP,boleto,33.24,utilidades_domesticas,23.9
128e10d95713541c87cd1a2e48201934,"2017-08-15 18:29:31",SP,credit_card,37.77,utilidades_domesticas,29.99
0c9f8646d592c21c2015b929996427af,"2018-03-20 07:44:52",BA,boleto,56.96,brinquedos,34.9
0ab778cad17847f8538aa63accb88b27,"2017-11-26 22:56:15",RJ,credit_card,232.41,moveis_decoracao,59.8
0ab778cad17847f8538aa63accb88b27,"2017-11-26 22:56:15",RJ,credit_card,232.41,moveis_decoracao,59.8
0ab778cad17847f8538aa63accb88b27,"2017-11-26 22:56:15",RJ,credit_card,232.41,moveis_decoracao,59.8
16c9ef138b75b95f8fd7969d2a2900ca,"2017-09-23 10:07:31",SP,boleto,108.72,cama_mesa_banho,95.03
236992e91012a3c75936dd524d4cb688,"2018-05-11 19:44:32",MG,credit_card,19.21,consoles_games,11.5
14f90c3a16f99d432faf1ed9edde1379,"2018-03-21 12:06:28",SP,credit_card,79.29,cama_mesa_banho,59.9
17bac873da4c588c3111d7399f91673e,"2017-02-11 10:11:23",SP,voucher,30.95,beleza_saude,19.99
09ba762d7b29d3771a788d7d039159fa,"2017-03-01 12:54:25",SC,credit_card,307.63,perfumaria,289.9
07ca34c2d97b99d913debf2866805373,"2017-09-23 00:09:48",RJ,credit_card,131.26,cama_mesa_banho,110
1e27216416d628fcdc4528fe1cae4c0a,"2017-10-22 15:13:24",SC,credit_card,51.54,esporte_lazer,38.94
20be6d24b0a84a4e329e5973d524f20f,"2017-08-01 23:35:06",MA,credit_card,108.28,beleza_saude,19.99
20be6d24b0a84a4e329e5973d524f20f,"2017-08-01 23:35:06",MA,credit_card,108.28,beleza_saude,19.99
08f70652fecc748f3ab45ccaac355cb1,"2017-10-09 22:08:45",MG,credit_card,72.14,perfumaria,56.99
21577126c19bf11a0b91592e5844ba78,"2018-03-16 00:14:19",RJ,voucher,3.32,agro_industria_e_comercio,57
061ba2e2d7544790b6ed6b5b4dd9278c,"2018-05-03 22:56:36",BA,credit_card,110,relogios_presentes,110
013e9c654a339d80b53513da3c1ea437,"2017-06-18 13:48:48",SP,credit_card,123.01,utilidades_domesticas,109.9
1d003e03109b335cad4355041e8bb032,"2018-04-26 18:28:38",MG,credit_card,176.83,esporte_lazer,159.99
035678e70978296fb0e7469a611c322e,"2018-01-10 05:39:45",SC,credit_card,53.67,ferramentas_jardim,179.99
110f190bf49ab04f3ead4f860570e902,"2017-10-03 15:46:55",SP,voucher,50,informatica_acessorios,130
2343dbf79839ce221f3e1ec059cbff9f,"2018-07-04 21:42:04",RJ,credit_card,140.56,utilidades_domesticas,109.99
23f592266a54ffc371a5c3eee760aaae,"2017-11-29 18:59:32",RS,credit_card,71.14,perfumaria,56.99
054418a6880b7e815bf64730ef040574,"2018-05-18 01:06:11",RS,credit_card,902.03,relogios_presentes,878
1f2638f8b42427da20d04f8fe55f4588,"2018-01-20 10:07:10",RJ,credit_card,106.87,informatica_acessorios,89.8
09bb35a3939c3181b4a5619cb3918976,"2017-11-26 03:42:06",SP,credit_card,116.94,fashion_bolsas_e_acessorios,99
19427c3cc9b9461a9151cbff2d5d2c8a,"2017-08-15 13:10:50",SP,credit_card,83.41,cama_mesa_banho,69.9
195a3ab9bf618fe05066b2ce276d2bc0,"2018-01-21 22:18:00",PA,credit_card,73.74,informatica_acessorios,44.99
0dc2734aeb43fcd6b5c4a6d6296f50c5,"2017-03-02 09:21:19",BA,boleto,177.38,alimentos,149.9
1dca8b6025f7b613456a828b3e273900,"2017-07-06 15:46:31",SP,boleto,69.03,malas_acessorios,54.9
1c3a0c1d7e9d92523cfe3bfad809a439,"2018-03-11 11:11:51",AL,credit_card,35.1,esporte_lazer,21.49
1cfc85fa3b31428092f247f88bc965a8,"2018-02-26 14:57:41",RJ,credit_card,127.21,informatica_acessorios,110
1d1e77334238a731c494f066a6c0d500,"2017-09-15 08:51:48",BA,debit_card,36.69,telefonia,19.9
1cc47b4855c5d2cf01a73dc8ae838079,"2017-12-06 12:33:21",MG,boleto,246.28,cama_mesa_banho,219.9
11edf2e8e2e689ab25e609f6a45b5b7a,"2017-06-26 15:01:51",MG,credit_card,137.99,cama_mesa_banho,119.9
152e3e1d1cd5a952b1f4049ff29ab695,"2018-04-24 18:40:22",PR,credit_card,109.99,relogios_presentes,109.99
1fd3ed20f784f14ed6b198d18c484c0d,"2018-05-11 06:51:50",RJ,credit_card,22.5,artes,14.03
24e7eb8286ce5ef529b9fcc4fe92ecb1,"2018-02-22 15:13:31",PR,credit_card,110,bebes,39.9
24e7eb8286ce5ef529b9fcc4fe92ecb1,"2018-02-22 15:13:31",PR,credit_card,110,bebes,39.9
035201c3c82a97f8a25dd6bd5244b2d5,"2017-11-10 16:54:13",RJ,boleto,135.08,malas_acessorios,89.99
0de5dbc9f3226761687d84b54057efba,"2017-08-09 21:09:22",BA,credit_card,73.89,moveis_decoracao,35.99
0e52eaa92a794742da29c413a23a7b80,"2018-06-26 21:23:04",GO,credit_card,137.93,relogios_presentes,119
09442375307dcece0366e86601bf99f9,"2017-10-26 13:15:23",CE,boleto,79.8,beleza_saude,58.99
0bf144db6ca7ef970a25b6a720947622,"2018-05-29 16:36:26",RS,credit_card,136.62,moveis_decoracao,48.99
0d9664d8da1dc4337269071b39e19423,"2016-10-06 22:00:27",SP,credit_card,267.49,perfumaria,249.9
1162cd6cea2c1d4d79492aef88f50618,"2018-02-09 06:57:50",PR,credit_card,373.88,utilidades_domesticas,169.99
1162cd6cea2c1d4d79492aef88f50618,"2018-02-09 06:57:50",PR,credit_card,373.88,utilidades_domesticas,169.99
1c2bab4c18a97c3bba457866ee72bdbd,"2017-09-20 18:46:25",MG,credit_card,80.19,bebes,64.99
0ffcc7c4e90436e138f698340e3d0e25,"2017-11-25 10:02:21",SP,credit_card,70.91,papelaria,59
052fd91f936f4938c1085ce62862142a,"2018-08-01 21:21:49",SP,credit_card,57.97,moveis_decoracao,44.99
0d68ee25f75190aba2b49bf9f25f8f6a,"2018-08-11 11:20:07",SC,credit_card,153.1,beleza_saude,122.99
1b0bc086985717610dbca11d3324771c,"2017-10-22 14:12:23",MG,credit_card,147.52,utilidades_domesticas,129
15ac0c27c404a6601dc7a613faddc813,"2018-05-14 15:06:35",SP,voucher,25,perfumaria,10
024f8681c73783017f7cd5d5b061be3a,"2017-09-12 13:10:18",SP,credit_card,56.78,relogios_presentes,49
0beab7700e74cb828b63e0a174e17256,"2018-04-20 10:14:24",PR,credit_card,103.72,papelaria,43.99
0beab7700e74cb828b63e0a174e17256,"2018-04-20 10:14:24",PR,credit_card,103.72,papelaria,43.99
1f21b692c9d8f0368278413ecd0878f3,"2017-03-04 16:52:43",SP,credit_card,54.52,moveis_decoracao,40
083ade26303c53b4aa1c779b67d44485,"2018-06-07 20:38:06",RJ,credit_card,76.31,esporte_lazer,61
10baace34a8f00b9b8a872d49d897fc9,"2017-08-16 11:02:46",PI,credit_card,479.5,consoles_games,454
1df82016cb6fab694280ee06f74c65ae,"2017-09-28 23:06:14",SP,credit_card,147.34,relogios_presentes,134.9
07d08b17b3bcb01de09f8306ee0c32ca,"2018-03-17 18:48:10",RJ,boleto,75.72,beleza_saude,58.99
07b93986d3989da936b0f9dfc9ab8972,"2018-04-05 05:11:57",ES,credit_card,135.72,esporte_lazer,120
1b4255d9c878894e1d30af0d984c9c7f,"2018-02-23 09:47:10",RJ,voucher,447.34,instrumentos_musicais,549
0199edc5b01351df8e73a674aa473ee7,"2018-03-26 19:33:09",PR,boleto,101,informatica_acessorios,93
0435404d45d367d6da14e7628c40a041,"2017-05-24 21:43:53",SP,credit_card,85.14,fashion_bolsas_e_acessorios,69.9
1b6e795c12ed471246103bf4f218dce2,"2018-01-13 18:49:41",SP,credit_card,240.93,esporte_lazer,227
130aa16eb157e7606fcafbd807c8048e,"2017-12-03 17:28:57",MG,credit_card,133.28,beleza_saude,113
062d3e3b803bd3e569cf8c165602f8f4,"2018-06-25 17:26:38",SP,credit_card,186.1,beleza_saude,122.99
0d41469b51221ce43524f07c73a94878,"2018-04-16 12:18:43",RJ,credit_card,102.09,industria_comercio_e_negocios,79
1cebcb9fc81f76f727c7be020cb6cb49,"2017-12-25 09:17:47",PE,credit_card,64.63,esporte_lazer,39
090cb921c3319702919eabe80bc9f5ff,"2017-04-19 12:38:31",SP,boleto,38.22,eletronicos,29.5
1e2f320acd9cf7428412fb4ba5c537fe,"2018-08-15 08:48:29",SP,credit_card,42.5,moveis_decoracao,29.99
137c8b3eddd2a8b6d54b434ea3089d37,"2017-12-10 09:28:49",SC,credit_card,335.91,utilidades_domesticas,309
216bc8ebe70b73bb6e7e3270d9a5df56,"2017-10-03 19:29:06",SP,credit_card,70.72,beleza_saude,58.99
0b3d6a3ba1e60a466b54775dcff1bf7d,"2018-08-15 19:30:07",PR,boleto,211.47,moveis_sala,169.99
1d9938f86a540f1cc78af4ef2b21f65b,"2018-02-22 16:59:48",MG,credit_card,102.74,fashion_calcados,84.9
16848e3116ca4e2beaf0e680d166e8b1,"2018-05-07 02:24:36",SP,boleto,13.39,beleza_saude,6
16c4141aba032aee4127e9c20e5df44f,"2017-12-10 03:14:25",MG,credit_card,72.14,perfumaria,56.99
1bd0359d89e511c3c49753133e831bb8,"2017-10-14 10:58:20",PB,credit_card,82.87,moveis_decoracao,35.99
07c670122da5df034ba8618528ed9bc8,"2017-08-16 19:23:50",RJ,credit_card,87.64,eletrodomesticos,69.9
0c91c4102d1858f4ced29970f55e54a0,"2017-03-01 10:46:15",SP,credit_card,56.86,moveis_decoracao,45.9
052b00d65560313221c5692cdb22fcb3,"2018-07-11 08:54:29",SP,credit_card,196.16,moveis_escritorio,169.99
03005a2f16aaf981d51d8ef44222444a,"2018-02-04 09:59:39",MT,boleto,179.87,moveis_sala,139.9
14a92ecd0503cd0c9f6cfb0aea76dfa7,"2017-06-14 11:31:58",SP,credit_card,27.77,beleza_saude,19.99
1e5958074c0e0c8c32ca98a2155b4ac9,"2017-12-09 06:52:41",PA,credit_card,125.4,cama_mesa_banho,87
1ca0741e454cd1c5368c964217a34795,"2018-03-03 13:02:39",SP,credit_card,136.5,beleza_saude,119.9
0be5691eb4c245d190a1e194494f754d,"2017-09-05 15:32:33",SP,credit_card,97.71,relogios_presentes,79.9
04ef688ecd44ca2621c3f78abfdf42f9,"2017-06-04 11:21:10",CE,boleto,77.72,beleza_saude,59.99
204618d5b8734931d5988bf6c4827e48,"2018-02-28 15:28:01",AL,credit_card,84.05,utilidades_domesticas,49.9
250eede6202cff2981de57cba5c1b08c,"2017-04-05 12:07:47",MG,credit_card,13.42,perfumaria,48.9
186d853ccb29e4bc2470952ec61dbb39,"2018-07-13 14:29:51",SP,boleto,93.85,utilidades_domesticas,79
16910be50855e4675b6417d183309ea4,"2018-05-06 21:49:23",SC,credit_card,319.72,moveis_decoracao,300
1aaeb5badaa812e15594d2c5d04e474a,"2017-04-21 14:48:58",SP,credit_card,22.69,beleza_saude,65
04a1e228e53006582fabe65a7767258c,"2018-05-12 19:34:22",SP,boleto,74.41,automotivo,59.9
126dbef0d053f55ed2e3b23e88efab4b,"2018-03-13 08:51:11",SP,credit_card,32.78,fashion_bolsas_e_acessorios,19.99
11b92cb31ef70accdf3705f879a0a891,"2018-01-04 17:02:05",SP,credit_card,47.76,bebidas,39.49
146653c3bdb71372b190b10dbaad0768,"2017-02-23 13:41:19",SP,credit_card,71.71,moveis_decoracao,59.9
13fc19d5bc2bd52fce8baeb3f31e5dd6,"2018-07-19 16:50:34",SP,credit_card,57.65,utilidades_domesticas,44
05c163d46637e5c0c23a0075dc1c854c,"2017-07-08 10:52:02",ES,boleto,65.68,telefonia,18.99
0be6d173c7061938d89152c036ac064a,"2017-11-20 18:10:49",SP,boleto,55.68,papelaria,15.99
0be6d173c7061938d89152c036ac064a,"2017-11-20 18:10:49",SP,boleto,55.68,papelaria,15.99
07c04599729da94f8aeb0974035ac307,"2017-09-30 16:53:45",SP,credit_card,25.75,moveis_decoracao,13.9
22f963cdff9b03259d2eaeb9a023a526,"2018-06-20 16:52:18",AM,credit_card,148.2,beleza_saude,122.99
0cc4679e0f3d7eb6a1e80d864e9a62c9,"2018-03-28 09:43:05",DF,credit_card,168.83,cool_stuff,149.9
0a9c38d73482b8d81ae7f7ccc5d8796c,"2017-08-12 11:50:24",MG,credit_card,231.27,cama_mesa_banho,205
04ac505fe152a153d8b6013eccb4086b,"2018-04-04 00:22:07",SP,credit_card,47.29,utilidades_domesticas,39.9
2060f68421a955938346e798d8809343,"2017-11-30 14:52:47",BA,credit_card,73.83,perfumaria,56.99
18131b2990b1052f6a818f25ee7c332b,"2018-08-21 14:19:34",SP,credit_card,1117.99,telefonia,1099
109294a0d68947b6b49c0a59a8f951cd,"2018-06-13 09:53:57",SP,credit_card,175.68,cool_stuff,139.4
024554aeb0da84476f1c31a711e0990c,"2018-04-18 14:22:18",MT,credit_card,69.92,cama_mesa_banho,17.9
19f60164db6130153f77c00960387648,"2018-01-06 18:32:13",SP,boleto,102.14,utilidades_domesticas,89.18
16651b7711b8c360e79e0ac07fc8a1a9,"2018-04-19 13:16:47",PB,voucher,71.79,papelaria,99.9
24c3a42d44d3abc0e029451a1d73342a,"2018-04-25 21:28:24",SP,boleto,83.37,cama_mesa_banho,68.8
1c6455382944f30b6a7128f9747cef97,"2017-03-08 00:44:02",ES,credit_card,77.16,moveis_decoracao,59.9
2321c02e9006c158014df8d2e9b00225,"2017-09-24 12:37:01",CE,credit_card,161.12,relogios_presentes,134.9
0b704d9bda1b350e1350d64af21b3411,"2018-06-22 15:06:34",SP,credit_card,182.34,beleza_saude,168.5
137e9582e80ce34b3205c7cc8466ec29,"2017-03-04 22:33:20",RS,boleto,46.04,esporte_lazer,29.99
2027c6ba8a58df2e69194531ff9abfa8,"2018-08-12 16:21:57",SP,boleto,69.12,beleza_saude,57.7
16ed456866d66d9108a13a17374364c4,"2018-02-09 20:04:45",RJ,credit_card,166.5,telefonia,145
085505e898297808653c70305ae11f47,"2018-01-24 12:33:01",SP,credit_card,597.79,cama_mesa_banho,260
106c71d4ef1f6852e746ea021a62cdc7,"2018-06-11 22:44:12",PR,boleto,79.61,papelaria,60
083f267075b03a6cd837f4faa2c7b881,"2018-07-04 08:04:13",PE,credit_card,144.12,beleza_saude,122.99
0fb352660f2116aecdfb1f2644b5c061,"2017-12-28 10:31:00",MG,credit_card,43.98,construcao_ferramentas_ferramentas,29.9
078c9d6d720f254fc10c5a162169197f,"2018-05-29 20:59:27",SP,credit_card,103.89,cama_mesa_banho,89.9
0daff24b7abb3accd3e2638a0d5be0a0,"2017-01-12 20:06:50",SP,credit_card,115.71,moveis_decoracao,99.9
0a53c1150d1019fb4e5e6224e887011f,"2018-04-18 21:22:49",SP,credit_card,712.25,cool_stuff,699
1343e1f31a0f108d5102319b6624021b,"2018-01-25 15:11:11",RS,credit_card,167.04,utilidades_domesticas,129
17d8bb8daefb337fdf4be46cc3e7a015,"2018-07-09 20:18:05",SP,credit_card,75.74,consoles_games,68
0e3ec3c17b64c6cc7bc01bba21e7afdf,"2017-05-10 16:20:36",SP,credit_card,119.48,moveis_decoracao,59.9
0e3ec3c17b64c6cc7bc01bba21e7afdf,"2017-05-10 16:20:36",SP,credit_card,119.48,moveis_decoracao,59.9
0c3e2dc4a3eeb282bd4df0b620dcff6d,"2018-01-15 10:04:39",SP,voucher,7.18,telefonia,29.99
125f4dd03bbae6aa696e6196ac423f72,"2017-08-15 11:58:33",SP,credit_card,234.7,brinquedos,449.99
0d466b4d8672f6390cb22dd8d2472b7b,"2018-05-16 13:11:47",ES,credit_card,80.08,utilidades_domesticas,27.6
0e082c9595209f2c00439a05c63561fb,"2017-08-21 02:21:08",MG,credit_card,158.53,fashion_bolsas_e_acessorios,149.9
1c81f9f4689604517458a9438caaca30,"2018-04-30 13:17:30",BA,credit_card,353.92,ferramentas_jardim,329.9
0e6844f9954c0a475641b6490c3f9739,"2018-06-05 03:52:26",SP,debit_card,317.16,cama_mesa_banho,59.9
15c73309f9a91be9baa4d58d1e02cbab,"2018-06-07 12:27:49",RJ,credit_card,244.91,moveis_escritorio,169.99
129b63bc323d7b5b2965a143b2e72cc7,"2018-05-30 14:33:24",MG,credit_card,150.47,papelaria,127
04a5e3a44cf4310b56f1a18f38f103e6,"2018-01-19 03:33:15",RJ,boleto,43.1,relogios_presentes,29
0c7561e19f14900c9c63487cc532f384,"2018-04-17 23:32:12",RJ,credit_card,184.96,relogios_presentes,168.9
0572c29de369acbc110ad921d93d01a1,"2017-09-30 14:48:37",GO,credit_card,159.69,utilidades_domesticas,65.9
09e3a74fe474342885a70d1b2452c1e2,"2017-09-06 08:58:14",BA,boleto,97.79,utilidades_domesticas,50
134184ef29c3230baa863482261f629f,"2018-05-08 20:58:24",SP,credit_card,185.51,utilidades_domesticas,175.92
0be1de7b2e4f05c1dfa7455be69706db,"2017-05-25 18:33:47",RJ,credit_card,182.17,brinquedos,168.99
15dbd4fa73037a8e8a6c619e4cffd46c,"2018-06-01 01:20:55",SP,credit_card,919.38,pet_shop,899
03dab6b77334d60ea91564ec4c7813a1,"2017-09-29 23:08:23",MG,credit_card,86.15,automotivo,69.9
1bfde5e32fa7b177c2c0f313c67ee333,"2017-10-30 08:15:05",MG,credit_card,81.21,bebidas,65
189f6ebeadf450bb5abaff2b8a55ffd2,"2017-12-01 14:12:58",RJ,boleto,292.22,beleza_saude,127.5
189f6ebeadf450bb5abaff2b8a55ffd2,"2017-12-01 14:12:58",RJ,boleto,292.22,beleza_saude,133.4
17c27a26080bebdb67c4807b9b51b8ff,"2017-10-10 22:11:21",RN,credit_card,104.28,alimentos_bebidas,69.99
0eb75d20173919818bfebe16eaf91333,"2018-05-08 22:55:25",BA,credit_card,97.24,moveis_decoracao,75
00a1e977cf6e672402963940db55d919,"2018-07-25 16:25:31",DF,credit_card,32.64,eletronicos,24.89
07c81434b5f46c9c3eacd48e60d50747,"2018-05-09 13:23:16",SP,boleto,32.37,eletronicos,18.9
1ae207d919424c0be708422e3f833170,"2018-02-24 14:09:15",SP,credit_card,768.59,climatizacao,700
1bcee4703d916a7dead99492b946773e,"2018-03-02 15:16:38",PE,voucher,50,alimentos_bebidas,165
1a57b61de931e82f09abf18a41271ac0,"2018-08-09 10:10:36",RS,credit_card,88.06,esporte_lazer,64.89
113a6eed8d2bb5da04399d939b38659a,"2017-12-17 01:25:39",BA,credit_card,146.25,telefonia,129.9
16651b7711b8c360e79e0ac07fc8a1a9,"2018-04-19 13:16:47",PB,credit_card,7.52,papelaria,99.9
12d9b7528c95b9b6d2f087195ba47d60,"2018-02-02 02:28:34",SP,credit_card,81.6,industria_comercio_e_negocios,64.9
0a998b0552bd0e04c7b38f0f58737c54,"2018-08-01 19:01:08",MG,credit_card,125.44,relogios_presentes,112
1b27a0faae4a248229a7037964a710e3,"2017-09-10 15:41:23",BA,credit_card,138.87,brinquedos,118.8
065bc1a2569e7a22835b49f40208f394,"2017-11-09 13:49:13",SP,boleto,209.21,instrumentos_musicais,199
180bb1b8686d6679359207ce3b1f5885,"2018-01-15 13:14:35",MG,credit_card,168.28,moveis_decoracao,148
0b8e4fe7f85610340424b314dc68c366,"2018-08-16 12:07:49",GO,boleto,74.5,beleza_saude,58.99
0c3e2dc4a3eeb282bd4df0b620dcff6d,"2018-01-15 10:04:39",SP,credit_card,59.72,telefonia,29.99
105c228ee2f7c9c2a32d22cd2f8c8e69,"2018-04-22 13:03:35",SP,credit_card,294.66,esporte_lazer,284.9
22771f93db288e22caf88967606b3e43,"2018-07-29 08:04:43",SP,credit_card,193.81,relogios_presentes,179.89
0ec20e561e76d49aa3ca434872643de2,"2017-10-24 10:24:30",SP,credit_card,31.77,beleza_saude,23.99
041f09bbcd85d178903f5bb71f11a02e,"2017-04-18 11:43:48",RN,credit_card,141.37,cama_mesa_banho,109.9
041f09bbcd85d178903f5bb71f11a02e,"2017-04-18 11:43:48",RN,credit_card,141.37,cama_mesa_banho,109.9
1d9c50c894c0353c480222a9de8512a4,"2017-12-21 07:48:42",SP,credit_card,5.27,moveis_decoracao,12.9
1f061ee76d5c329ef464f0dbacd60173,"2017-07-14 11:17:12",MG,credit_card,167.29,brinquedos,149
034afd1b074e35a1d1dcf70c4a5641b5,"2017-12-01 22:42:12",SP,credit_card,130.34,relogios_presentes,29
0f7f6f1552f5341e25477e7f8b12d24f,"2018-01-12 13:03:11",SP,credit_card,96.09,automotivo,84
1f42f4d540bb667dcd3bde1a50c9e442,"2018-07-13 14:02:37",CE,credit_card,115.48,eletronicos,95.9
032a688c9db451501788d95c7f794ed6,"2017-09-18 21:18:37",DF,credit_card,42.4,fashion_bolsas_e_acessorios,27.3
0dbdc97d32b0efccbdcbdf750aee17b9,"2017-05-03 17:25:30",DF,boleto,81.14,beleza_saude,64.99
0feb8ce954124d3e3d8338c573a9c523,"2018-08-23 08:24:45",SP,credit_card,115.23,relogios_presentes,45
0538bda829ac14e64a201dc84fb1ba3b,"2018-05-18 23:21:25",PI,credit_card,224.69,moveis_escritorio,169.99
04b7738ad5fbb213eeb7a2145bea8242,"2018-05-16 10:58:56",SP,boleto,392.89,instrumentos_musicais,39.99
1c1f0315904930fe04e649a6eb20c4e4,"2018-07-21 17:38:21",MG,credit_card,145.95,ferramentas_jardim,32.99
21577126c19bf11a0b91592e5844ba78,"2018-03-16 00:14:19",RJ,voucher,7.92,agro_industria_e_comercio,57
0f9751081b734220a998be212c391523,"2017-09-27 13:54:38",TO,credit_card,233.75,automotivo,199.9
0a1830f41dcbe9b26dc35c0c71738796,"2017-09-13 16:18:26",PE,credit_card,168.23,esporte_lazer,149.9
1d9c50c894c0353c480222a9de8512a4,"2017-12-21 07:48:42",SP,voucher,19.48,moveis_decoracao,12.9
166ff8289e3c5748d7aab1c820f43731,"2018-08-06 09:28:11",MA,boleto,107.19,beleza_saude,83.88
017dcb6892d4469a13dee34f241f8c4e,"2017-11-12 20:17:40",SP,credit_card,67.98,cama_mesa_banho,24.9
084f5caa157d28601e72b588e656e3ec,"2017-07-01 16:43:58",MG,credit_card,696.08,cool_stuff,629
00418a49a685c6bb60633291c3fab17a,"2017-10-03 20:43:03",SP,credit_card,56.78,relogios_presentes,49
24b581b458bd83feeea8ad6a179cba54,"2018-05-15 13:35:04",SP,credit_card,48.13,telefonia,29.9
052121d17f8eab43c577497c9b1451e2,"2017-09-13 21:51:41",MG,credit_card,64,bebes,49.9
01ea9d9ce4b86204f82b79184897371c,"2017-03-23 17:38:28",MG,credit_card,64.93,ferramentas_jardim,46.3
216a75ff9c1bc04da48bb6fd0fe19076,"2018-04-04 06:05:53",SP,credit_card,33.54,cama_mesa_banho,24.9
08be29a19a75ae2f62a0f1250c4f67c6,"2017-05-01 23:34:00",SP,credit_card,113.27,moveis_decoracao,99.99
1588b79ef6078fb4a06549ed42ae7fd3,"2017-09-16 10:33:11",PR,credit_card,60.05,brinquedos,44.95
054316a4a3afc149108b6b1431d11274,"2017-07-21 08:50:38",PR,credit_card,54,esporte_lazer,39.9
016fbc333d66b414be541c6159576c40,"2018-05-30 18:09:10",RJ,credit_card,103.42,esporte_lazer,84.9
0b4d60b8c7aa289e337094f0fb7ec296,"2018-07-17 22:35:29",CE,boleto,269.25,casa_construcao,225
08accb1f1ce9ae08483229dd246b8911,"2017-07-01 20:08:46",PR,credit_card,34.09,beleza_saude,19.99
1190d4d9e67a90f9de44a7db2a0ceb52,"2017-04-20 22:05:41",SP,credit_card,55.96,brinquedos,45
0b8a71b3f5c221a69f4d23097cd604f6,"2017-06-09 13:59:38",AL,credit_card,129.22,esporte_lazer,99
20d5211ad925caa21c6293ea560f9e97,"2017-09-06 20:42:46",ES,credit_card,118.93,climatizacao,99
17a70e83eb50e571bca31389d0d9cef8,"2018-04-29 11:36:05",MG,credit_card,41.2,construcao_ferramentas_construcao,22.97
0866d83668146dad766bf1a583207b19,"2018-06-25 09:22:58",AL,credit_card,51.92,beleza_saude,29
0c3e2dc4a3eeb282bd4df0b620dcff6d,"2018-01-15 10:04:39",SP,voucher,16.78,telefonia,29.99
1d868462a56ffa7bbcd66b5b003d2982,"2017-12-28 09:20:08",SP,credit_card,36.78,relogios_presentes,29
1e54e64066c85e4c0b929c0dde6bec3b,"2018-02-01 19:56:10",PR,credit_card,2.76,automotivo,59.9
17630ee81adaa153933991eef88dfa45,"2017-07-28 17:27:08",SP,credit_card,134.59,beleza_saude,119
03e2b2c32adfd7016fbdf98a70a7077c,"2018-05-13 18:33:05",CE,credit_card,45.15,moveis_decoracao,29.99
1ca9b19a39f0b18a4a1470eba6eb5cda,"2017-05-20 11:04:54",RJ,voucher,30,informatica_acessorios,93.9
241d2c88c664bb5edb079bab71467239,"2018-05-09 16:00:51",PR,credit_card,161.05,esporte_lazer,149.9
23289a87ad267a113c014020edf79ea2,"2017-07-06 10:10:16",SP,credit_card,163.06,brinquedos,149
048e579f89c9b3ca9a05550876740754,"2017-07-25 19:23:14",MG,boleto,86.72,beleza_saude,68.99
0e78cb0dc0e9e34f24bab8c86de949f1,"2018-07-29 19:48:57",MG,credit_card,188.04,esporte_lazer,167.68
21577126c19bf11a0b91592e5844ba78,"2018-03-16 00:14:19",RJ,voucher,4.18,agro_industria_e_comercio,57
1b4255d9c878894e1d30af0d984c9c7f,"2018-02-23 09:47:10",RJ,voucher,119.66,instrumentos_musicais,549
1cb9cb32b2b54f1580e375ba45d744c4,"2017-12-26 18:24:08",SP,credit_card,29.77,telefonia,21.99
09023a853a37b3ccb3ca46372068748b,"2018-01-30 15:40:06",MG,credit_card,65,papelaria,49.9
23427a6bd9f8fd1b51f1b1e5cc186ab8,"2018-05-21 22:44:31",SP,credit_card,53.38,esporte_lazer,45.99
206e1fade437516f330a8f63e3816076,"2018-04-24 12:19:18",SP,credit_card,67.29,esporte_lazer,59.9
0b9ac892eece5e74725c3699a0eec646,"2018-01-25 20:35:25",RJ,boleto,114.84,eletronicos,97.9
1cad5655bb2058c43754fe8e8c98c4ba,"2017-05-15 22:02:38",PE,credit_card,32.88,utilidades_domesticas,13.99
0084e195fbd72ae51599af47f04afede,"2018-03-14 23:57:00",RS,credit_card,113.03,informatica_acessorios,89.9
2078512e84c5104a45f4a1b80cce3ed1,"2018-08-06 18:01:54",RJ,boleto,123.75,cool_stuff,99.9
04e2943331164044ec43de08763717eb,"2017-12-10 17:47:21",SP,credit_card,31.77,beleza_saude,23.99
01e84dcdea7f8180214c9cf9f058f0dc,"2017-10-31 11:10:46",MG,boleto,61,esporte_lazer,45.9
224a2924f75dd381b65e75fa1e9b98d4,"2017-11-29 18:04:39",SP,boleto,34.09,perfumaria,19.99
1a75bc259895ab33b0c12ebf388248b1,"2018-03-16 19:32:35",SP,boleto,222.9,esporte_lazer,209
013a98b3a668bcef05b98898177f6923,"2018-08-11 23:17:37",RJ,credit_card,198.7,cama_mesa_banho,63
012a238ab54294a3b365812ccc82b135,"2017-09-07 18:21:44",SP,credit_card,175.77,moveis_decoracao,45.9
02346f2f5b8930a992461a607bf6bf62,"2018-03-20 16:06:52",SP,boleto,106.53,utilidades_domesticas,89
00b676b01c289cc661c6f7732492771a,"2017-08-02 15:30:42",SP,credit_card,71.19,utilidades_domesticas,50
0f6ce0bef7443fbfd5076ab3abfceaa2,"2018-06-28 19:08:30",SC,credit_card,369.28,beleza_saude,349.9
15afbf609dd4b962f2ed68c5087be876,"2018-05-04 16:13:34",SP,credit_card,149.86,beleza_saude,119.99
0fcf164859b203af4b0811ccf70d1454,"2018-03-09 13:24:57",ES,boleto,294.7,relogios_presentes,274.9
07441f525824bc6b31d4dc19c5d49fc9,"2018-04-21 13:07:41",RJ,credit_card,106.9,relogios_presentes,106.9
140d9953eb16589e277967bbfcdf7ac5,"2018-08-21 12:35:25",SP,credit_card,22.34,livros_tecnicos,14.95
16651b7711b8c360e79e0ac07fc8a1a9,"2018-04-19 13:16:47",PB,voucher,71.79,papelaria,99.9
0b2ee90d3a8923635f74af64e78d2335,"2018-06-20 16:19:58",MG,boleto,47.29,automotivo,28.99
1417dca2e0baf0af7fae3c986506168a,"2017-06-23 13:00:28",SP,credit_card,144.59,ferramentas_jardim,126.99
2437dfd68fb453ad27e1898c8b1fe868,"2018-07-22 17:22:27",PR,credit_card,32.13,brinquedos,13.9
157fa4382ef233561294d5b9e279df5c,"2017-10-09 18:00:12",SP,credit_card,54.62,esporte_lazer,45.9
1c8b4e99b0bc55e61bda13d020efb26d,"2018-05-26 12:03:33",SP,credit_card,127.21,utilidades_domesticas,24.98
09195dded6636223b79ba89aa778d5fb,"2018-08-14 15:42:47",SP,credit_card,97.36,brinquedos,87.99
06f3401b97e4d89032cbd5ac7670247c,"2018-04-26 23:10:33",SP,credit_card,171.62,moveis_decoracao,148
19862cd4c12c9f52dce9cdb8df1af979,"2018-05-05 21:37:55",SP,credit_card,115.25,eletronicos,103.9
0921c97280957af14f02d430cac48a5c,"2017-09-27 12:57:31",PI,boleto,130.56,eletronicos,109
13d8d37bf20ffee3f1e6e32d7c4d4849,"2018-01-08 22:01:10",PE,boleto,45.62,telefonia,27.99
1087c248afded2f1d5c0a0a760e34695,"2018-04-09 14:48:04",RS,boleto,80.89,beleza_saude,57.9
01e9b3d727e46edf036b0bd549c38bb4,"2018-01-20 21:14:48",PR,credit_card,116.36,esporte_lazer,99.9
09fa09eaa76c4a81cfed79f5d5eb6cf0,"2017-12-03 22:28:45",SP,credit_card,201.16,moveis_sala,179.99
137e3a7815d41ef63ef508a85ee39cd8,"2018-07-26 16:23:01",SP,credit_card,52.93,beleza_saude,39.99
12cbd6fae38a4bd1d77a7596eab0b7e1,"2018-08-01 11:31:23",RJ,credit_card,553.53,beleza_saude,527.9
250fc7597b92f3bb967c2c0a6bd70e1b,"2017-09-09 19:37:39",SP,credit_card,68.72,esporte_lazer,60
047d317db3c34ff477eee816660e44f0,"2017-09-24 08:52:18",SP,boleto,147.34,relogios_presentes,134.9
21577126c19bf11a0b91592e5844ba78,"2018-03-16 00:14:19",RJ,voucher,4.18,agro_industria_e_comercio,57
0b77e4a3c5557d452990e1cd1136f0b5,"2017-12-17 15:48:33",SP,boleto,72.93,moveis_decoracao,59.49
1a268552ed780a8692b6fc605e87a243,"2018-05-01 21:56:50",SP,boleto,45.39,relogios_presentes,38
0ff41d0741d36126966da6f95318918f,"2017-04-03 15:54:23",DF,boleto,92.11,esporte_lazer,72.9
21575da2130d1952ce69325255692485,"2017-12-26 21:03:06",SC,credit_card,217.64,cool_stuff,199
155bfeb20a3f085ab900c872c084dfe6,"2017-11-29 10:08:58",MG,credit_card,72.14,perfumaria,56.99
1422538d5efc818dc7eca4d0b6eb58a7,"2018-06-03 19:06:21",SP,boleto,123.14,moveis_decoracao,99.9
180b5d1aedd4d65830b858c471e44230,"2018-03-11 21:22:51",SP,credit_card,180.08,esporte_lazer,159.99
1fa5ff94927b15bd84bba43684f8fa6e,"2017-08-11 13:30:14",SP,credit_card,670.92,cool_stuff,629
159565048b194c462243ee3e7d65c621,"2017-12-12 13:27:02",SP,credit_card,43.98,construcao_ferramentas_ferramentas,29.9
0cc217cdcf3d4c3aec8a027679e21f89,"2018-06-13 21:57:43",SP,credit_card,109.24,informatica_acessorios,94.99
18e3a35aeb0cef53ac06a61f65c1f76b,"2018-02-13 01:52:28",RJ,boleto,84.23,relogios_presentes,69
1299a512fc464f808332d44a0e73f367,"2017-03-19 15:21:25",SP,credit_card,120.97,moveis_escritorio,99.96
21b6a31c126b44d94eed3a4ee2e739c6,"2018-03-18 20:38:00",SP,credit_card,486.09,perfumaria,475
22b4202b17bc3ba77ee0b82dce7640f4,"2017-10-31 15:18:20",MS,boleto,117.16,informatica_acessorios,98.9
0e8aa0173b5775ba597a40ca69fd22fb,"2018-03-09 20:42:21",RJ,credit_card,39.22,beleza_saude,23.99
021363783b521e9813dd62bbcb77d1dd,"2018-02-23 11:52:46",BA,credit_card,579.35,beleza_saude,559.99
06a02b60d897c8f12fb3287e9de120e3,"2018-08-14 18:33:39",MG,credit_card,83.56,relogios_presentes,65
055881c8e807f4d1147c2f075d51d604,"2018-04-26 23:38:08",SP,credit_card,48.19,livros_tecnicos,39.9
153d4e278c168447fd03d0f8494f7f03,"2017-10-14 09:59:39",RJ,credit_card,71.14,perfumaria,56.99
1d554a2374156f36bdb7e0e6dbcad2d0,"2018-07-19 17:24:35",SP,credit_card,274.55,brinquedos,250
0708e6a0b38282fbfed40eccdaa4a597,"2018-05-09 14:37:05",SP,boleto,58.13,fashion_bolsas_e_acessorios,39.9
150f52d53dc64bc95bac1d22d50fdcb5,"2018-05-20 20:48:30",SP,credit_card,68.18,livros_tecnicos,57.89
110808d8c648f8737e1ba2fbdd5821c6,"2017-08-16 14:35:06",RS,credit_card,270.78,esporte_lazer,119.8
19cafdf7469104c432959892a04920a2,"2017-10-23 13:32:59",TO,credit_card,39.62,informatica_acessorios,13.99
061b13cf87863db16e1a03178285ecfe,"2018-08-11 13:33:50",DF,voucher,50,cool_stuff,26.88
161bd443fa0e2430261331e72cd6e166,"2018-03-16 14:40:05",SP,credit_card,43.63,moveis_decoracao,34.99
04d7676ae07d3a61604185998b0d51d9,"2018-01-23 16:25:47",MG,boleto,187.43,papelaria,169
1ffe6486cbf2a0f96d34ee9945f5ed04,"2017-11-11 11:31:30",RS,credit_card,166.5,telefonia,145
07083f97580544bb7ba3372759150f49,"2018-03-27 16:11:29",MG,credit_card,35.81,moveis_decoracao,18.75
1aba60c04110bdd421b250ea33187a31,"2017-04-18 21:20:40",BA,credit_card,247.88,moveis_escritorio,186.99
09e04558408bf0fe846b66132dc5d64a,"2018-02-23 14:47:25",SP,credit_card,95.51,informatica_acessorios,82.8
00fed9e582d5a3e38566872eec164ac6,"2017-09-26 14:49:01",RJ,credit_card,412.18,cama_mesa_banho,179.99
00fed9e582d5a3e38566872eec164ac6,"2017-09-26 14:49:01",RJ,credit_card,412.18,cama_mesa_banho,179.99
0bbaf543aa84dd90baa21ed685d72605,"2017-11-05 14:18:00",GO,credit_card,30,beleza_saude,14.9
083a0434b4fe46096d27412266b29d36,"2018-03-29 10:47:24",SC,credit_card,89.26,utilidades_domesticas,69.8
0544030711e50ec2cb6c15764d22891a,"2018-04-12 17:36:07",RJ,boleto,32.53,eletrodomesticos,14.3
19f18d8100c83fa718fbe5a064e982d1,"2017-11-16 22:41:36",TO,credit_card,87.26,ferramentas_jardim,18
19f18d8100c83fa718fbe5a064e982d1,"2017-11-16 22:41:36",TO,credit_card,87.26,ferramentas_jardim,18
1620281609b2789ef7989b3265834051,"2018-06-15 23:32:07",SP,credit_card,290.22,esporte_lazer,136
1620281609b2789ef7989b3265834051,"2018-06-15 23:32:07",SP,credit_card,290.22,esporte_lazer,136
02cb7027f3074adf1407706d712298f7,"2018-08-07 19:33:01",PA,credit_card,159.57,papelaria,135.9
21577126c19bf11a0b91592e5844ba78,"2018-03-16 00:14:19",RJ,voucher,3.79,agro_industria_e_comercio,57
059b6e617cb9675ad8bc74b7aa750e7d,"2017-02-10 19:42:58",MG,credit_card,39.42,utilidades_domesticas,24.9
0505a29e827a4c609b3fd250c0313bef,"2018-06-10 11:08:15",CE,boleto,142.66,beleza_saude,99.9
18cd6a9b0923b2bbedcd5f6751ce3737,"2017-10-14 10:54:03",SC,credit_card,138.08,cool_stuff,119.99
16f6cf86122c11b8b1e46d21f4b31f89,"2018-04-17 13:06:22",GO,boleto,37.22,telefonia,21.99
1a182abfca408087bb3d24dd41101c96,"2017-12-12 14:29:33",SP,credit_card,81.82,eletroportateis,69
24b137d6259a0c0cbd646f179e2ca35e,"2018-04-15 17:18:21",MG,boleto,325.38,moveis_escritorio,249.9
1551eb55b3d7c7e38d2f826992446d64,"2018-03-14 13:05:44",RS,credit_card,85.45,eletroportateis,69
07adbbb19edf0b09473e75febe708354,"2017-04-26 17:09:51",RJ,credit_card,34.51,beleza_saude,19.99
0db1503ec6e7230c55407767f4e2cc5d,"2017-04-10 16:15:58",PA,credit_card,139.6,cama_mesa_banho,109.9
0152f10d04554388634b75f079f069fc,"2017-09-17 09:58:40",SP,credit_card,647.54,cool_stuff,610
0cdbe13c72545beca47c7843784129b4,"2017-11-07 19:34:30",SC,credit_card,76.65,beleza_saude,58.99
08322b6d209359f491acb1e5f89cb371,"2018-08-22 20:16:37",MG,boleto,306.72,artes_e_artesanato,238
1d7a6b5b87fcf498f7748f4790faa745,"2017-12-05 10:27:20",RS,credit_card,142.64,livros_tecnicos,127
16084e188e0613c06730f77bcbfa9ff7,"2018-02-20 13:53:47",CE,boleto,183.4,automotivo,149.9
016dee69b3de35a39bfccee5309307c3,"2017-01-14 16:35:59",MG,credit_card,62.19,moveis_decoracao,45
248ed74704a24435e9ee328132047c41,"2018-04-13 17:11:33",ES,credit_card,718.76,consoles_games,697.9
1c57efb710fa0df4433b44a5c39e4b6e,"2018-04-25 22:13:26",PE,credit_card,99.9,relogios_presentes,99.9
0a4105b08aba021f690e79d8b9810885,"2018-06-19 16:09:58",SP,credit_card,138.06,informatica_acessorios,129
16d8aa6e57efa7fdeec700d10f671bf3,"2018-06-24 22:33:16",SP,credit_card,130.11,utilidades_domesticas,116
0b8bb51ed8b0431e4783fde5550895c2,"2018-03-04 21:52:32",SP,boleto,121.09,moveis_decoracao,99.9
0091a677651feaf5a08d7bb147681e14,"2018-08-24 13:27:17",SP,credit_card,45.53,relogios_presentes,38
0c70293ae727a4e81099ec24e6190342,"2018-07-26 16:24:08",DF,credit_card,74.51,relogios_presentes,59
1fc9d04a738b6f63d5803e444c2228c8,"2018-08-12 11:29:37",MG,credit_card,113.89,papelaria,98.9
0198e0de42189b3941d46857a87fac91,"2017-11-04 12:33:53",SP,debit_card,65.71,perfumaria,56.99
0009792311464db532ff765bf7b182ae,"2018-08-14 20:43:09",MG,boleto,127.55,esporte_lazer,99.9
186ac860f8928db64590e1fdd744c9f5,"2018-03-08 16:10:21",MG,credit_card,74.94,bebes,52
18c95a0e4c4a3d218d5eda56e235436e,"2018-03-20 17:18:09",SP,credit_card,48.28,informatica_acessorios,39.99
1ffc479954398d74d9e8e0df789842fe,"2018-01-09 13:06:21",MG,boleto,74.66,papelaria,58
169ec5c8e238376cc87f2984cb173f1e,"2018-08-03 10:56:56",RS,credit_card,87.86,eletronicos,28.63
169ec5c8e238376cc87f2984cb173f1e,"2018-08-03 10:56:56",RS,credit_card,87.86,eletronicos,28.63
1b96103448d7297f1aa8dc796e7d3fbe,"2018-01-30 10:21:31",SC,credit_card,179.6,esporte_lazer,159
1ea0993dbee417148367f2243ce047ec,"2018-01-27 11:20:42",BA,credit_card,117.04,relogios_presentes,99.9
231f4f9f13fd282b6e1b00f4c7a3cb2c,"2017-08-15 13:30:12",PR,credit_card,636.74,cool_stuff,572
24b4c4cdd87c3e1f9b31b96ea5422f22,"2017-09-03 09:43:43",SP,credit_card,113.71,eletroportateis,99.99
03d8ac7f462c593ad4ca1fe32c20cd83,"2017-04-27 10:48:39",SP,boleto,149.07,informatica_acessorios,32.5
03d8ac7f462c593ad4ca1fe32c20cd83,"2017-04-27 10:48:39",SP,boleto,149.07,informatica_acessorios,32.5
03d8ac7f462c593ad4ca1fe32c20cd83,"2017-04-27 10:48:39",SP,boleto,149.07,informatica_acessorios,32.5
22ce839b4cf363dd05a5cde6a91e53de,"2018-06-20 15:27:17",SP,credit_card,36.96,eletronicos,19.89
043332e857863b02677c1e075e3cc0cf,"2017-11-08 15:26:16",SP,credit_card,134.48,cool_stuff,90
0ac907873c6fb32bfa8a58be269f0c3f,"2017-07-09 20:34:20",SP,boleto,141.53,esporte_lazer,124.9
19ee41b13991f0661a6382e9ebfbacf5,"2018-02-16 13:09:33",SP,credit_card,31.75,moveis_decoracao,19.9
1fc25ccd3bfe7f95431a9320df40e789,"2018-01-18 12:43:16",ES,credit_card,49.17,moveis_decoracao,9.99
1fc25ccd3bfe7f95431a9320df40e789,"2018-01-18 12:43:16",ES,credit_card,49.17,moveis_decoracao,10.99
053eb07a9c8d113f338336ff5544d18d,"2018-04-19 12:24:17",PE,credit_card,54.75,informatica_acessorios,31.9
17028de7d02a1fca7c1d08221b859b77,"2017-02-08 21:06:37",RS,credit_card,213.59,moveis_escritorio,169.99
1911d0f0f31e05d14c9e1f82c069f550,"2018-07-07 15:41:41",SP,credit_card,153.1,beleza_saude,122.99
0e212b5df829280bba28382cf4aacec2,"2018-05-11 12:41:47",SP,credit_card,115,relogios_presentes,115
15ac0c27c404a6601dc7a613faddc813,"2018-05-14 15:06:35",SP,voucher,4.95,perfumaria,10
18b3b5404f523379b23e3eed42639acc,"2018-03-07 09:07:24",BA,credit_card,291.07,moveis_decoracao,229
1fb42df5f777c1b9bf5790d888e15075,"2018-06-21 12:26:37",SP,boleto,153.1,beleza_saude,122.99
1e648b21368a3ed91634edf2b262d33c,"2018-01-11 14:59:27",MG,credit_card,82.12,informatica_acessorios,66.9
02c84deb7aa1f2e74090d56a0ec84120,"2018-03-01 22:46:34",RJ,credit_card,34,eletronicos,18.9
19cfcf45fc399af9d3e9d1d98638997b,"2017-12-18 13:51:17",SP,credit_card,121.09,moveis_decoracao,99.9
241a57ba96decfbe134f5c84f585f57f,"2017-11-10 17:21:48",SP,credit_card,46.79,cool_stuff,31
0ed70666bb64b5c2ba83b2a6dc37f032,"2018-03-28 22:34:38",RJ,credit_card,252.94,perfumaria,117.7
0ed70666bb64b5c2ba83b2a6dc37f032,"2018-03-28 22:34:38",RJ,credit_card,252.94,perfumaria,117.7
18e31cb8bc58dab57503adbfcf9426df,"2018-07-14 19:34:45",MG,credit_card,55.06,beleza_saude,32.9
037540b18a708608c766355696a57467,"2017-11-28 10:46:46",SC,credit_card,115.35,informatica_acessorios,98.9
0025c5d1a8ca53a240ec2634bb4492ea,"2018-07-08 09:17:59",CE,credit_card,419.39,esporte_lazer,390
1498068c608b11a2902e212d4d65d62c,"2017-10-20 16:32:59",RJ,credit_card,410.19,papelaria,239.36
1cd0c408983d3898972c78f60ec9fb6a,"2018-06-20 00:10:54",SC,credit_card,390.62,construcao_ferramentas_construcao,174.9
1cd0c408983d3898972c78f60ec9fb6a,"2018-06-20 00:10:54",SC,credit_card,390.62,construcao_ferramentas_construcao,174.9
0343fa2096b6d04743321f9b9f62c1e0,"2018-08-22 09:43:46",SP,credit_card,111.96,fashion_roupa_feminina,44.99
06351d6c05e58972856f24bc50d69b23,"2018-05-08 19:38:58",SP,credit_card,406.26,esporte_lazer,193.9
12731a5b2b2ad871d0994d8362dfbce2,"2018-08-18 12:18:56",SP,credit_card,87.61,automotivo,78.9
0e3ce0f00c0714004ef73e0b334ce130,"2018-03-31 20:16:25",SP,boleto,72.48,beleza_saude,58.99
133cc4a787cd3b46ae3b9b19b3a6c135,"2018-01-05 22:42:06",SC,credit_card,199.9,brinquedos,179.9
1006246e3feed80b0a2f83d8364240f7,"2017-04-08 11:46:53",SP,credit_card,137.27,beleza_saude,120
0a97f36e62839a22eb00bcc9a9160e70,"2018-01-10 18:29:58",PB,credit_card,61.28,eletronicos,18.9
1a6d26b1e091ff1b177f8d1c45d46650,"2017-04-23 19:38:20",RJ,boleto,147.64,cool_stuff,129.99
1ff2e9584155b7fe38ee7718f5cd6ed7,"2018-01-19 11:13:14",GO,credit_card,137.28,esporte_lazer,120
05e6d57ea1f64b4e9a0b37c669515cfc,"2018-07-03 23:29:36",DF,credit_card,3.84,brinquedos,42.2
1797ee9d6bb9bd0edfc40d6dc7320c8e,"2017-10-17 16:58:18",MG,voucher,50.36,esporte_lazer,36.99
1c3ad9cd29b642c9eca00186785aa309,"2017-03-04 00:38:50",PR,credit_card,34.51,beleza_saude,19.99
1ae76304686bb902dc30d60e5dbf9237,"2018-03-26 17:16:00",SC,credit_card,232.09,construcao_ferramentas_ferramentas,190
0baf99fae5355ac5c8b31a2d33fd830b,"2017-05-31 09:12:51",GO,credit_card,35.09,beleza_saude,19.99
11d91b6084c2ad87ceb2d91af4483714,"2018-01-30 13:40:53",SP,credit_card,35,eletronicos,19.9
1cf0fc2c07de89a211f8dcf9ff5af15b,"2018-08-07 21:53:39",SP,credit_card,415.94,cool_stuff,395
1be551169c2eb8275a521eafcff31546,"2018-01-15 10:29:50",SP,credit_card,141.08,malas_acessorios,55.9
0132f39e8ad9b42ad2d41c847f44c0ed,"2018-07-05 14:49:56",SP,credit_card,37.16,beleza_saude,28.8
1ca44c5850de39660439deebf65c8fd2,"2017-05-29 23:06:05",SP,credit_card,31.84,beleza_saude,19.99
10271ddf4e66d7ebde86598c2447761d,"2017-01-30 12:15:14",MG,credit_card,87.99,beleza_saude,69.99
1c5be2940a0e9dae8e4ec24c9c630d21,"2017-07-25 18:42:37",PE,boleto,18.59,informatica_acessorios,5.99
05a1daade893002ca3c8ec9253fbb1a0,"2017-11-15 18:57:24",SP,voucher,28.78,perfumaria,21
19f96944a3a31111c47399caff25b6f6,"2017-07-10 13:33:17",SP,credit_card,27.77,beleza_saude,19.99
189ae4e1cde214b94b2311aec85f39e3,"2017-07-09 12:56:06",MT,credit_card,63.82,moveis_decoracao,45.9
0c1e8da95f0bc94596b6e3571ba53a33,"2018-04-23 15:23:09",MG,credit_card,259.64,bebes,239
141f547cc0f5d65f5eb35f3bcc632818,"2018-08-09 21:55:15",SP,boleto,39.48,beleza_saude,32
0e5c1cacfc470555872819fae01e07ae,"2018-04-16 22:44:14",MG,credit_card,110,relogios_presentes,110
0d217515e77987c3856fba474f3300fc,"2018-02-24 19:47:30",SC,credit_card,47.81,informatica_acessorios,30.21
0b9a8b8e703c7c54c11e7f2a057d3cfc,"2018-03-11 09:27:22",RJ,credit_card,89.36,cama_mesa_banho,69.9
1f2557bd1cb30da1362cee8def58e576,"2018-05-02 09:12:31",BA,credit_card,75.28,cama_mesa_banho,53.2
141ce9b3c6022301d7fbb3d545e2d2fe,"2017-03-02 00:29:04",SP,credit_card,30.95,beleza_saude,19.99
04d73d34ddd1f5ebc0c603615093e2a1,"2018-02-23 09:16:00",RS,credit_card,246.37,cama_mesa_banho,219.99
061c97a9bd7911f9d2031e1b820c344f,"2017-04-21 13:18:31",SP,credit_card,329.8,informatica_acessorios,299
0efaa1dd18856769a1bcc489004fbe3b,"2017-11-20 10:59:50",SP,credit_card,69.33,brinquedos,59.99
18530f1c685d2cb6b271cba538274056,"2017-10-19 09:12:06",RJ,credit_card,206.84,moveis_escritorio,169.99
06486b73d8d1705c15e0d13f6adcbf84,"2018-01-20 18:32:47",SP,boleto,63.78,fashion_bolsas_e_acessorios,56
1e01369b33244af82c1b44d7359da3dc,"2018-05-06 11:40:23",SP,credit_card,131.11,pet_shop,122.9
0f5a53ae56987191b3c638ed0f784a8d,"2017-05-15 08:22:12",SP,boleto,55.69,informatica_acessorios,39.9
188ee57c8c41550345490675b44167be,"2017-10-03 17:28:58",MG,credit_card,560.02,brinquedos,539
0acce7378714d20548f0f5f1b71f6458,"2017-12-30 21:48:24",DF,credit_card,142.12,cool_stuff,125
15c09fa69403c377e9f77f3472949cd6,"2018-05-01 10:10:41",SP,boleto,89.36,esporte_lazer,69.9
1f152e8a187901569881be643e6f8784,"2017-06-10 00:11:20",DF,credit_card,298.2,brinquedos,279.99
130e5f15b505062879273e8f199441d1,"2018-05-16 12:09:43",SP,credit_card,80.35,utilidades_domesticas,63
041f09bbcd85d178903f5bb71f11a02e,"2017-04-18 11:43:48",RN,credit_card,137.83,cama_mesa_banho,109.9
041f09bbcd85d178903f5bb71f11a02e,"2017-04-18 11:43:48",RN,credit_card,137.83,cama_mesa_banho,109.9
0f0786fde25cb2b2b4cfc59128ef8f83,"2017-07-19 14:34:02",CE,boleto,75.24,beleza_saude,19.99
0f0786fde25cb2b2b4cfc59128ef8f83,"2017-07-19 14:34:02",CE,boleto,75.24,beleza_saude,19.99
03e53a3c2ea313a49e89aee8f8c44970,"2017-06-15 15:24:45",CE,credit_card,57.53,esporte_lazer,39.9
05d6faf8d3942006edf7cbc669faa965,"2017-09-10 18:16:43",ES,credit_card,58.82,papelaria,40.9
1b5afefbbcfd69807bab110d1ffe7cda,"2018-05-07 21:42:08",BA,credit_card,47.05,telefonia,29.99
06b29dbcb820a53c15525933a91ada27,"2017-10-16 22:33:02",SP,credit_card,110.69,informatica_acessorios,96.99
064df82a5ad596912cc304c6c72a42bf,"2017-02-26 14:26:14",SP,credit_card,150.12,fashion_bolsas_e_acessorios,135
21577126c19bf11a0b91592e5844ba78,"2018-03-16 00:14:19",RJ,voucher,5.47,agro_industria_e_comercio,57
1397417a57ad1bbfe8d639df8cdee908,"2018-07-02 18:16:59",RJ,credit_card,173.95,relogios_presentes,119
1397417a57ad1bbfe8d639df8cdee908,"2018-07-02 18:16:59",RJ,credit_card,173.95,moveis_decoracao,17.75
125976e5bb61accc5b6c27bc74f08d49,"2018-04-17 23:17:15",SP,credit_card,133.6,moveis_escritorio,116.94
13ba5c26aeaa1d857d413ac4b93f0924,"2018-04-15 11:15:37",PB,credit_card,223.08,cool_stuff,139.4
1549221b1b6e8fec6d2f9890932333f1,"2017-07-24 17:31:02",SP,boleto,57.97,cama_mesa_banho,41.99
0576822a11b3068cce2e3c8551e4e327,"2017-11-12 00:07:59",RN,credit_card,176.34,relogios_presentes,133
171c622bc5e64b427c2708aac335fe6c,"2017-02-23 16:55:51",SP,boleto,107,beleza_saude,64.99
171c622bc5e64b427c2708aac335fe6c,"2017-02-23 16:55:51",SP,boleto,107,beleza_saude,19.99
20944cd8392f8ef8aa2badeda97adf33,"2017-10-18 11:56:48",SP,credit_card,158.66,brinquedos,69.99
163b53e265c530cded6553a3b5d485cd,"2017-08-12 15:07:19",SP,credit_card,71.82,fashion_underwear_e_moda_praia,59.9
1874385b2e1267b83f06520d354ae9fd,"2018-04-07 16:17:06",DF,credit_card,27.6,eletronicos,19.89
17dc275426dc4430d983cdd5280e9414,"2017-03-20 19:52:56",RJ,credit_card,201.62,relogios_presentes,186.15
1f790c9e3bb6e08d226245a5d1d781fa,"2018-01-14 11:38:15",SC,credit_card,148.15,cool_stuff,129.99
1fbf181e068d25051390f9f53d45ce0d,"2018-03-21 23:46:43",MG,credit_card,91.35,eletrodomesticos,69.9
14a2ad28d59053cc7bf0e2b40660294f,"2017-07-07 12:05:48",PA,boleto,37.62,beleza_saude,19.99
0830fb3429c4807bd185a32fe5241b8a,"2017-12-12 20:21:26",SP,credit_card,61.43,bebidas,51.49
0eeae75286b79b40f203057933fbb70b,"2018-05-05 14:42:25",RN,credit_card,1784.2,papelaria,34
06d614f169d6f1a04c85b382d4bd462c,"2017-11-24 08:25:10",MG,credit_card,374.42,perfumaria,359.9
2331f636052d7a25b7a1844dac95a4ac,"2017-05-07 16:23:48",RJ,credit_card,66.6,bebes,50
0e4741898160da1b1060a7f9c346547a,"2017-09-24 22:43:23",SP,boleto,70.53,moveis_decoracao,57.11
114483c2698c3681197da8cbb87204b8,"2018-03-29 14:02:04",GO,credit_card,133.69,relogios_presentes,115
114b1cbf281d72023b151203775b0b4f,"2018-05-25 18:44:29",SC,credit_card,219.27,esporte_lazer,199.99
1ddc3d70dd69c4803ec86c7d987591e1,"2017-06-15 16:46:30",MG,credit_card,35.09,beleza_saude,19.99
0aa86627eca7db30ae324772cc15ff7d,"2017-09-11 22:24:48",SP,boleto,304.16,brinquedos,139.9
1d25b465b66d2cd1ed4c7d3b449be280,"2017-11-30 15:08:04",SP,credit_card,198.48,relogios_presentes,189.9
22539785ee6331c6d1020fdaa742ea09,"2018-05-08 01:15:33",RJ,credit_card,239.41,cama_mesa_banho,219.99
0231a1f06afc507072e11f93fa6e736b,"2018-05-08 12:44:54",BA,credit_card,118.23,eletronicos,103.9
08204559bebd39e09ee52dcb56d8faa2,"2018-01-14 07:36:54",RJ,credit_card,103.28,malas_acessorios,87.9
0e7e841ddf8f8f2de2bad69267ecfbcf,"2017-08-02 18:24:47",SP,credit_card,37.77,utilidades_domesticas,29.99
01835ef41c5ac66dd9ec6084fa1d0533,"2017-05-11 21:36:10",RJ,credit_card,72.14,perfumaria,56.99
1a358c4ef8c7d066e7e526670d486f3e,"2017-11-22 08:01:01",RJ,credit_card,117.16,informatica_acessorios,98.9
047ac23902ffcc68f3106db4f2e4338f,"2018-07-14 20:26:24",MG,credit_card,153.31,relogios_presentes,139
1a15c3f0d977e18e8a0d47ea1a9ffbbf,"2017-06-26 00:22:23",SP,credit_card,59.22,moveis_decoracao,47.49
1b40cca6df37a29bf8591a8c2dddd3c8,"2018-03-21 20:24:17",RS,credit_card,68.13,esporte_lazer,49.9
1cf13598b7e6449603960c24184dee24,"2017-07-26 09:44:12",CE,credit_card,42.18,informatica_acessorios,16.55
10251da35626072605d693e816f297ca,"2018-08-13 15:27:36",MG,credit_card,113.89,papelaria,98.9
22d6af278bac655b75f102132b019564,"2018-06-17 09:49:56",RJ,credit_card,138.61,fashion_bolsas_e_acessorios,115
11120fb91d0191b1174ea4e37043ff39,"2018-08-07 08:56:29",RS,credit_card,159.62,beleza_saude,122.99
18bb4acb90913593d37049c601660009,"2018-05-01 09:25:32",MT,credit_card,197.27,esporte_lazer,159.99
1c1975ccdbd34c48a241f30cc2258dbb,"2017-12-20 22:44:00",PE,debit_card,123.21,moveis_escritorio,89.99
0d72ea72bb291e23fc4da4324144fe24,"2017-08-11 14:14:14",MG,boleto,64.1,cool_stuff,49
21577126c19bf11a0b91592e5844ba78,"2018-03-16 00:14:19",RJ,voucher,7.11,agro_industria_e_comercio,57
2214cc5b55271606e0beb67cc2d09eef,"2018-04-25 17:16:10",PR,boleto,48.13,ferramentas_jardim,29.9
119da8fe76c893e189ee759f82bbc8d6,"2018-07-16 18:19:42",SP,credit_card,74.83,telefonia,24.9
02dcfbe3274b16820a9fca74c156dc9a,"2017-11-20 13:53:01",SP,boleto,469.52,consoles_games,454
1c5ea09d670777647e55f734e3d784b2,"2017-10-31 12:20:33",SP,credit_card,98.51,fashion_calcados,84.9
0b29027a3a98807aea23a764ab594bbd,"2017-06-08 13:23:59",TO,boleto,178.44,brinquedos,149
06f40352396b73ac65b6a2059d70441c,"2018-02-12 17:21:08",SP,credit_card,107.95,informatica_acessorios,95.15
1235febb7f139ccf94d83ff97ae8e889,"2018-05-10 07:40:41",RJ,credit_card,115,relogios_presentes,115
1b7714170035431aeb7b711f2b09ec1e,"2018-01-22 13:15:26",SP,credit_card,133.48,perfumaria,117.9
105b2c7913d00cfa89da319a1d8a9f12,"2017-11-09 17:39:01",SC,boleto,204.75,informatica_acessorios,187
0334c2700a7e8ac0f3efeb36b4a91e68,"2017-09-06 22:41:34",RS,credit_card,71.15,brinquedos,55
059511087f2394ebd55a674537a7c2cc,"2018-02-14 11:42:55",PR,boleto,834.94,informatica_acessorios,389.9
059511087f2394ebd55a674537a7c2cc,"2018-02-14 11:42:55",PR,boleto,834.94,informatica_acessorios,389.9
0d249476ca7de9b29cfa25d9bb8f3e05,"2017-07-17 19:23:32",RJ,boleto,45,esporte_lazer,29.9
0d6c779c3d8bec09f198a52ff310ae7b,"2017-05-21 11:36:14",MG,credit_card,230.24,cama_mesa_banho,214.99
06b7229726fb71407516395c69b6172a,"2018-07-31 10:19:27",RJ,credit_card,88.29,informatica_acessorios,65.9
04af63a78c7e84943b8377fe1b7871aa,"2018-03-28 10:37:40",MG,credit_card,133.69,relogios_presentes,115
169f444739d294d19e4103e460d963d4,"2018-01-21 21:25:43",BA,credit_card,91.58,relogios_presentes,29
19482dab7e55b687df4b2aec7bf23f55,"2018-03-10 09:10:20",SP,credit_card,198.04,moveis_escritorio,169.99
1ab592bcd5d82491578a95e113886d3c,"2018-03-03 19:47:08",MG,credit_card,37.87,cama_mesa_banho,24.5
09bc338a4e0ae30bcaebd7f1a2c6d3ea,"2017-12-18 08:42:33",RJ,credit_card,82.44,utilidades_domesticas,57
0ab14c7f000642be91d882357d38b8cd,"2018-05-08 19:50:04",RS,boleto,241.22,pet_shop,105
0ab14c7f000642be91d882357d38b8cd,"2018-05-08 19:50:04",RS,boleto,241.22,pet_shop,105
012219b6d6d034eb359fc74730a080db,"2018-05-10 00:18:33",MG,credit_card,217.4,brinquedos,189.99
1a2a468a88fbd60a59aae3fc94bcf40d,"2018-05-15 09:45:26",SP,credit_card,115.25,eletronicos,103.9
0fa2c93bbfbce2c287bb56660c3998e3,"2018-06-18 14:54:21",RS,credit_card,159.62,beleza_saude,122.99
1de20a0990748db5dffe019f0cac3cc9,"2018-08-01 15:25:04",RJ,credit_card,88.06,moveis_cozinha_area_de_servico_jantar_e_jardim,69.99
199d865a833111b42fa9115901dbf975,"2018-04-10 17:04:52",RS,credit_card,133.25,bebes,109.9
08b4c8a8808af1f771bd9602e193f9b6,"2018-01-10 14:04:29",SP,credit_card,115.44,beleza_saude,99.99
179de2e682fa3219ba41a728047be96d,"2018-06-12 15:15:19",MG,credit_card,127.43,eletronicos,103.9
15b5cb72b88eef3759d55a8d7cbf0a6c,"2018-03-20 14:27:40",MG,credit_card,195.63,automotivo,179.49
08fd8d3e4e30f796d703584db2e27e1a,"2018-03-05 07:59:17",RJ,credit_card,86.93,informatica_acessorios,70
034e23cd76658cb8d602b1f1e42be7e6,"2017-11-13 22:24:25",SP,credit_card,82.73,cama_mesa_banho,69.9
22a0afb00de21962e96bef9ec5b51223,"2018-08-07 22:32:02",SP,credit_card,60.52,beleza_saude,52
24f42a25ef8ead286299cf281c802b16,"2017-12-02 12:52:02",RJ,boleto,378.24,bebes,285
152f5561c96fd2a7e5d1b71cc158bcdc,"2018-02-02 21:47:53",RS,credit_card,156.6,esporte_lazer,34.6
152f5561c96fd2a7e5d1b71cc158bcdc,"2018-02-02 21:47:53",RS,credit_card,156.6,esporte_lazer,34.6
152f5561c96fd2a7e5d1b71cc158bcdc,"2018-02-02 21:47:53",RS,credit_card,156.6,esporte_lazer,34.6
23c7702588b2b08f1bf4fbdd15f19343,"2017-03-22 17:52:17",MG,boleto,65.53,beleza_saude,49.97
1439c73f16c16e5ec78a3b2ff4e4f73e,"2017-08-24 23:57:43",RS,credit_card,66.6,bebes,50
12919bed2aced6d1fbbf96349b870522,"2018-04-28 15:24:58",SP,credit_card,46.21,alimentos_bebidas,32.5
1d23106803c48c391366ff224513fb7f,"2018-01-26 16:19:34",RS,boleto,214.19,moveis_decoracao,39.9
066a60f7b0700a942ba22b627ebff13b,"2018-07-17 22:44:42",RJ,credit_card,137.93,relogios_presentes,119
1bcee4703d916a7dead99492b946773e,"2018-03-02 15:16:38",PE,credit_card,144.55,alimentos_bebidas,165
21f4a37ec131158f1615d0f186f190af,"2017-12-21 20:11:07",SP,credit_card,212.88,cool_stuff,199.98
22a0171d3b34d1bec10991aed5e9c967,"2018-06-11 21:06:38",SP,credit_card,35.91,ferramentas_jardim,23.09
110a462b79593be68884297cc9a31b3f,"2018-08-10 18:49:26",SP,credit_card,122.49,moveis_decoracao,99
05369626de3379a1a26fa24e22048214,"2018-05-10 11:18:48",RJ,credit_card,162.85,cama_mesa_banho,29.99
094fe0ffb99d42aba8ca2a6b65a8921e,"2018-03-17 14:39:25",RJ,credit_card,94.31,construcao_ferramentas_iluminacao,75.9
1a1712253479ea7fd8c020c572ff78cc,"2017-07-11 18:40:43",RJ,credit_card,32.69,eletronicos,15.9
07b0c48ffce8f9ad9878efed80bb428d,"2018-08-16 23:34:39",SP,credit_card,186.1,beleza_saude,122.99
114e12eca60507f3e3153182f258684d,"2017-08-15 11:14:25",GO,boleto,161.24,moveis_sala,115.97
15666ae129eff99b7d7405a5023b0d3a,"2018-08-18 13:13:57",MG,boleto,156.38,cama_mesa_banho,55
15666ae129eff99b7d7405a5023b0d3a,"2018-08-18 13:13:57",MG,boleto,156.38,cama_mesa_banho,55
1aaeb5badaa812e15594d2c5d04e474a,"2017-04-21 14:48:58",SP,voucher,53.37,beleza_saude,65
1b0bca54c8db32dd715f2c60c63268ca,"2017-04-17 15:25:04",MS,boleto,124.42,pet_shop,99.9
0cd74b0dbfef5f1f8dbdcb3128f0dc51,"2018-08-10 19:49:22",GO,boleto,176.2,beleza_saude,122.99
0fdf3166230480d0c55e5d70a2da40c2,"2018-01-26 18:43:05",RJ,voucher,15.39,informatica_acessorios,27.9
0a393be90b03100dcea4aa21f2e027ec,"2017-11-18 16:04:57",GO,credit_card,231.94,brinquedos,99.99
063f2375ecf74934d05e78a476f92cb5,"2018-07-08 10:20:36",SP,boleto,93.5,construcao_ferramentas_jardim,28.45
1092bd1c4047de3d8b0445f8539f4dc6,"2018-01-28 13:38:18",RS,credit_card,86.15,cama_mesa_banho,69.9
42fdf880ba16b47b59251dd489d4441a,"2018-05-21 13:59:17",SP,credit_card,128.45,cama_mesa_banho,113.57
21b8b46679ea6482cbf911d960490048,"2018-05-08 14:23:15",RJ,voucher,43.12,moveis_decoracao,33.41
1e6d912e4c63965bb9eccf0cc765fc24,"2018-06-02 14:52:37",SP,boleto,207.24,automotivo,179.9
2ad6c6594bf0917a25ff8b8918d4b7b0,"2017-06-11 23:41:58",DF,credit_card,40,cama_mesa_banho,24.9
11978d520d85578c9f024b99ac1a87ef,"2017-08-07 19:36:19",MG,voucher,20.09,informatica_acessorios,34.99
068176c8a0550b07cddf7e05c8d55319,"2018-01-13 18:13:53",RS,boleto,123.82,moveis_decoracao,45.8
068176c8a0550b07cddf7e05c8d55319,"2018-01-13 18:13:53",RS,boleto,123.82,moveis_decoracao,45.8
101fa9bbc869f267953a48b0f659dc62,"2018-06-15 09:53:02",MG,credit_card,131.47,moveis_decoracao,99.9
0f67e615d797da223ac5601b9b08b180,"2018-06-07 17:53:48",SP,credit_card,153.67,utilidades_domesticas,49.9
4801b9cf238c2c9098bd66a5f092c2da,"2017-11-29 23:02:28",PE,credit_card,152.28,relogios_presentes,133
37c755c6df4b61c5b4cc40361ae57588,"2018-01-15 16:24:56",BA,credit_card,72.34,beleza_saude,54.39
189ede25eb8522abcbd3592d08811f85,"2017-08-15 16:02:07",ES,boleto,280.08,moveis_escritorio,219.99
1207b88243115c9eafb9931bc2d0b59d,"2017-02-06 13:29:00",RJ,credit_card,133.05,pet_shop,109.99
1de86d094f7dd41cca13d246d3b7fd07,"2017-11-04 11:25:14",SP,credit_card,61.97,utilidades_domesticas,49.28
2222dbaded2c9c8406d1cbdeae118948,"2018-07-03 08:30:36",SP,credit_card,37.96,perfumaria,29.59
0efd6177ac7aab7f85f78796d324b321,"2017-06-15 18:43:48",SP,credit_card,73.43,cama_mesa_banho,59.99
13359bb817972f7492a922fa64a69cad,"2018-07-21 10:02:27",SP,credit_card,279.3,perfumaria,28.89
13359bb817972f7492a922fa64a69cad,"2018-07-21 10:02:27",SP,credit_card,279.3,perfumaria,28.89
13359bb817972f7492a922fa64a69cad,"2018-07-21 10:02:27",SP,credit_card,279.3,perfumaria,28.89
0c45caaab2bcc146bef109bee64d3b98,"2017-06-15 12:56:38",PR,boleto,127.92,livros_interesse_geral,109.9
47b04efea2b87358b63ecb45b93ead7e,"2017-05-10 20:31:02",PB,credit_card,624.59,construcao_ferramentas_jardim,599.9
49db7943d60b6805c3a41f5474772a09,"2017-05-13 21:23:34",PB,credit_card,125.94,fashion_bolsas_e_acessorios,89.99
1a9d1688e994626c7556948cfdf0cc5b,"2018-03-15 19:45:36",SP,boleto,70.14,beleza_saude,58.99
048e6e4623dbf118c43e0f5572016faa,"2017-12-31 17:57:21",PB,credit_card,657.63,pcs,599
14e9f1caf8efa770b1a67ec0adf24737,"2018-04-25 05:40:24",PA,boleto,131.76,beleza_saude,114.99
18479ed06f428cd8d50702b4decdae1b,"2018-08-08 20:08:18",SP,boleto,149.89,moveis_decoracao,129.9
29b179123b9eda65690278842d2c364b,"2018-08-11 19:01:04",PR,credit_card,68.52,cama_mesa_banho,48.99
257b6d1def081b82c8b6a90d527728b9,"2018-02-22 16:06:13",SP,credit_card,59.33,esporte_lazer,49.99
0068468c453d28c8ef3fd089e50a5847,"2017-11-24 22:25:25",RJ,credit_card,489.85,eletronicos,469
0affd51e37e6621004e4fe4fd7c64f4b,"2018-08-12 15:42:03",ES,debit_card,1353.28,telefonia,1325.9
06ab29b4849c4417bdac17b1e8a6e482,"2018-01-09 09:23:33",SP,credit_card,109.79,eletronicos,97.9
13b825fdc28948500cfc7a03eb975fbc,"2018-02-13 11:05:56",SP,credit_card,42.85,automotivo,31
0fa425ec819100fb29a4838e37e5d27e,"2017-11-08 20:44:32",SP,credit_card,98.83,fashion_bolsas_e_acessorios,41.3
00f86b368251d739f1896d41469b2b7a,"2018-08-17 23:15:06",RS,credit_card,175.05,construcao_ferramentas_construcao,39.97
00f86b368251d739f1896d41469b2b7a,"2018-08-17 23:15:06",RS,credit_card,175.05,construcao_ferramentas_construcao,39.97
00f86b368251d739f1896d41469b2b7a,"2018-08-17 23:15:06",RS,credit_card,175.05,construcao_ferramentas_construcao,39.97
3f330c606a285a5bd1cf10b860dd6302,"2017-09-24 17:34:19",SP,credit_card,647.54,cool_stuff,610
1c7a2b989035d96cd218d9b9f352c098,"2018-07-17 14:25:51",SC,credit_card,238.23,moveis_decoracao,59.8
1c7a2b989035d96cd218d9b9f352c098,"2018-07-17 14:25:51",SC,credit_card,238.23,moveis_decoracao,59.8
1c7a2b989035d96cd218d9b9f352c098,"2018-07-17 14:25:51",SC,credit_card,238.23,moveis_decoracao,59.8
0bde6dfc382fc35f1a5ebf8ddf8e639d,"2018-04-27 08:52:05",MA,credit_card,99.9,relogios_presentes,99.9
0d0b6cc488971eabaf999e0fca2b7bfe,"2018-07-04 21:20:35",RJ,boleto,41.03,moveis_decoracao,17.75
45b62a8b5201fc31f705344b2d9e55de,"2017-09-12 12:55:07",RS,credit_card,116.84,moveis_decoracao,98.9
0d4a43cf7b7994e0a782864d075dc842,"2018-05-01 17:52:15",SP,credit_card,37.38,consoles_games,29.99
099be5827a2f9692b1c1ad111affc9d1,"2017-09-06 19:58:48",SP,boleto,46.78,relogios_presentes,39
4340cfd191c9dc16061684e4575fb151,"2018-04-19 22:27:41",CE,credit_card,260.23,esporte_lazer,221.99
0b8265df142be25383b96d66f4150f0b,"2018-05-13 19:41:03",SP,credit_card,33.54,cama_mesa_banho,24.9
212a9a21eb87489a105ca0a2aa67b72a,"2017-11-24 12:02:04",CE,boleto,87.8,beleza_saude,58.99
30837e97d6e552e25ee411c7365bdbcd,"2018-07-15 19:50:22",SP,debit_card,244.18,beleza_saude,229
2d75fff7b2cc9e8df5ddfcf9a7a11cec,"2018-04-11 10:44:58",RS,boleto,436.42,esporte_lazer,411
16311a0494e6db86617bc4486d9f1e9e,"2018-04-11 12:04:25",SP,credit_card,100.62,cama_mesa_banho,24.9
1a2aa47afe4b1d4eaef87715d1e40ef0,"2017-09-03 10:21:58",SP,credit_card,195,utilidades_domesticas,177.99
0d7d82b22e0c6fdfecb716bb965ef11d,"2017-12-04 10:54:09",SP,credit_card,32.68,esporte_lazer,24.9
3a5c53b7345f82b31c0d656d63f3b8fb,"2018-08-08 20:13:05",SP,boleto,36.36,bebes,28
3460241a070156e726e901d0824db74d,"2017-11-18 19:55:46",SP,credit_card,162.55,fashion_bolsas_e_acessorios,150
05302619b1bff6733f64a97851af68cd,"2018-01-21 14:04:33",RJ,boleto,44.09,telefonia,29.99
23f8d85e1bed4bc79e3b7e9f7c2d6437,"2018-06-09 15:21:29",GO,boleto,59.22,automotivo,39.9
214a1170088762989ff5bf58d3e8dff2,"2018-05-13 00:10:01",PR,credit_card,220.82,climatizacao,190
0f18a0163ab21f411df244c076fde7ce,"2018-03-23 17:01:23",SP,credit_card,57.38,informatica_acessorios,49.99
41ec8df2674e2577b8efdc3f54e2b779,"2017-12-06 22:34:32",PE,credit_card,708.95,cool_stuff,618
2ffd4bf0fbadf9acf274c27d822697ca,"2018-05-06 21:08:08",GO,credit_card,99.9,relogios_presentes,99.9
